StimulusID,,,,,,,,Word,sum.p,A12YM8XYCDEA3.p,A2C0QNEIOSKAV5.p,A3SKEW89V5S0DI.p,A70L26UXLTGLC.p,AVXEDARJC5HLU.p,Switchboard
s_01,sw02020,sw02020,1,-1,sw02020p,TRUE,minNumSelected=1,well,0,0,0,0,0,0,-
s_01,sw02020,sw02020,1,-1,sw02020p,TRUE,minNumSelected=1,i,0,0,0,0,0,0,0
s_01,sw02020,sw02020,1,-1,sw02020p,TRUE,minNumSelected=1,mostly,0,0,0,0,0,0,0
s_01,sw02020,sw02020,1,-1,sw02020p,TRUE,minNumSelected=1,listen,0.2,1,0,0,0,0,0
s_01,sw02020,sw02020,1,-1,sw02020p,TRUE,minNumSelected=1,to,0.2,1,0,0,0,0,0
s_01,sw02020,sw02020,1,-1,sw02020p,TRUE,minNumSelected=1,popular,0.8,1,1,0,1,1,1
s_01,sw02020,sw02020,1,-1,sw02020p,TRUE,minNumSelected=1,music,0.8,1,1,1,0,1,1
s_02,sw02012,sw02012,1,-1,sw02012p,TRUE,minNumSelected=1,yes,0,0,0,0,0,0,-
s_02,sw02012,sw02012,1,-1,sw02012p,TRUE,minNumSelected=1,i,0,0,0,0,0,0,-
s_02,sw02012,sw02012,1,-1,sw02012p,TRUE,minNumSelected=1,did,0,0,0,0,0,0,-
s_02,sw02012,sw02012,1,-1,sw02012p,TRUE,minNumSelected=1,i,0,0,0,0,0,0,0
s_02,sw02012,sw02012,1,-1,sw02012p,TRUE,minNumSelected=1,was,0,0,0,0,0,0,0
s_02,sw02012,sw02012,1,-1,sw02012p,TRUE,minNumSelected=1,just,0,0,0,0,0,0,1
s_02,sw02012,sw02012,1,-1,sw02012p,TRUE,minNumSelected=1,about,0,0,0,0,0,0,1
s_02,sw02012,sw02012,1,-1,sw02012p,TRUE,minNumSelected=1,to,0,0,0,0,0,0,-
s_02,sw02012,sw02012,1,-1,sw02012p,TRUE,minNumSelected=1,write,0,0,0,0,0,0,0
s_02,sw02012,sw02012,1,-1,sw02012p,TRUE,minNumSelected=1,a,0,0,0,0,0,0,-
s_02,sw02012,sw02012,1,-1,sw02012p,TRUE,minNumSelected=1,letter,0,0,0,0,0,0,1
s_02,sw02012,sw02012,1,-1,sw02012p,TRUE,minNumSelected=1,when,0,0,0,0,0,0,0
s_02,sw02012,sw02012,1,-1,sw02012p,TRUE,minNumSelected=1,i,0,0,0,0,0,0,0
s_02,sw02012,sw02012,1,-1,sw02012p,TRUE,minNumSelected=1,heard,0.2,0,0,0,1,0,0
s_02,sw02012,sw02012,1,-1,sw02012p,TRUE,minNumSelected=1,they,0,0,0,0,0,0,0
s_02,sw02012,sw02012,1,-1,sw02012p,TRUE,minNumSelected=1,canceled,1,1,1,1,1,1,1
s_02,sw02012,sw02012,1,-1,sw02012p,TRUE,minNumSelected=1,it,0,0,0,0,0,0,0
s_03,sw02041,sw02041,1,-1,sw02041u,TRUE,minNumSelected=1,well,0,0,0,0,0,0,-
s_03,sw02041,sw02041,1,-1,sw02041u,TRUE,minNumSelected=1,um,0,0,0,0,0,0,-
s_03,sw02041,sw02041,1,-1,sw02041u,TRUE,minNumSelected=1,my,0,0,0,0,0,0,0
s_03,sw02041,sw02041,1,-1,sw02041u,TRUE,minNumSelected=1,my,0,0,0,0,0,0,0
s_03,sw02041,sw02041,1,-1,sw02041u,TRUE,minNumSelected=1,husband,0.4,0,1,0,0,1,0
s_03,sw02041,sw02041,1,-1,sw02041u,TRUE,minNumSelected=1,is,0,0,0,0,0,0,0
s_03,sw02041,sw02041,1,-1,sw02041u,TRUE,minNumSelected=1,right,0,0,0,0,0,0,0
s_03,sw02041,sw02041,1,-1,sw02041u,TRUE,minNumSelected=1,now,0,0,0,0,0,0,0
s_03,sw02041,sw02041,1,-1,sw02041u,TRUE,minNumSelected=1,teaching,1,1,1,1,1,1,0
s_03,sw02041,sw02041,1,-1,sw02041u,TRUE,minNumSelected=1,an,0,0,0,0,0,0,-
s_03,sw02041,sw02041,1,-1,sw02041u,TRUE,minNumSelected=1,aerobics,0.8,1,1,1,1,0,1
s_03,sw02041,sw02041,1,-1,sw02041u,TRUE,minNumSelected=1,class,0.4,0,0,0,1,1,1
s_04,sw02051,sw02051,1,-1,sw02051u,TRUE,minNumSelected=1,i,0,0,0,0,0,0,0
s_04,sw02051,sw02051,1,-1,sw02051u,TRUE,minNumSelected=1,do,0,0,0,0,0,0,0
s_04,sw02051,sw02051,1,-1,sw02051u,TRUE,minNumSelected=1,not,0.2,1,0,0,0,0,0
s_04,sw02051,sw02051,1,-1,sw02051u,TRUE,minNumSelected=1,live,0.8,1,1,1,1,0,0
s_04,sw02051,sw02051,1,-1,sw02051u,TRUE,minNumSelected=1,in,0.2,1,0,0,0,0,-
s_04,sw02051,sw02051,1,-1,sw02051u,TRUE,minNumSelected=1,a,0,0,0,0,0,0,-
s_04,sw02051,sw02051,1,-1,sw02051u,TRUE,minNumSelected=1,city,1,1,1,1,1,1,1
s_05,sw02065,sw02065,1,-1,sw02065u,TRUE,minNumSelected=1,i,0.2,0,0,0,0,1,0
s_05,sw02065,sw02065,1,-1,sw02065u,TRUE,minNumSelected=1,think,0.2,0,1,0,0,0,0
s_05,sw02065,sw02065,1,-1,sw02065u,TRUE,minNumSelected=1,it,0,0,0,0,0,0,-
s_05,sw02065,sw02065,1,-1,sw02065u,TRUE,minNumSelected=1,would,0,0,0,0,0,0,0
s_05,sw02065,sw02065,1,-1,sw02065u,TRUE,minNumSelected=1,be,0,0,0,0,0,0,0
s_05,sw02065,sw02065,1,-1,sw02065u,TRUE,minNumSelected=1,a,0,0,0,0,0,0,-
s_05,sw02065,sw02065,1,-1,sw02065u,TRUE,minNumSelected=1,great,1,1,1,1,1,1,1
s_05,sw02065,sw02065,1,-1,sw02065u,TRUE,minNumSelected=1,idea,1,1,1,1,1,1,1
s_06,sw02111,sw02111,1,-1,sw02111u,TRUE,minNumSelected=1,i,0,0,0,0,0,0,0
s_06,sw02111,sw02111,1,-1,sw02111u,TRUE,minNumSelected=1,live,0.4,0,1,0,1,0,0
s_06,sw02111,sw02111,1,-1,sw02111u,TRUE,minNumSelected=1,in,0,0,0,0,0,0,-
s_06,sw02111,sw02111,1,-1,sw02111u,TRUE,minNumSelected=1,San,1,1,1,1,1,1,1
s_06,sw02111,sw02111,1,-1,sw02111u,TRUE,minNumSelected=1,Antonio,1,1,1,1,1,1,1
s_07,sw02145,sw02145,1,-1,sw02145u,TRUE,minNumSelected=1,well,0,0,0,0,0,0,-
s_07,sw02145,sw02145,1,-1,sw02145u,TRUE,minNumSelected=1,uh,0,0,0,0,0,0,-
s_07,sw02145,sw02145,1,-1,sw02145u,TRUE,minNumSelected=1,from,0,0,0,0,0,0,-
s_07,sw02145,sw02145,1,-1,sw02145u,TRUE,minNumSelected=1,what,0,0,0,0,0,0,0
s_07,sw02145,sw02145,1,-1,sw02145u,TRUE,minNumSelected=1,i,0,0,0,0,0,0,0
s_07,sw02145,sw02145,1,-1,sw02145u,TRUE,minNumSelected=1,understand,0.6,0,1,0,1,1,0
s_07,sw02145,sw02145,1,-1,sw02145u,TRUE,minNumSelected=1,there's,0,0,0,0,0,0,0
s_07,sw02145,sw02145,1,-1,sw02145u,TRUE,minNumSelected=1,been,0,0,0,0,0,0,0
s_07,sw02145,sw02145,1,-1,sw02145u,TRUE,minNumSelected=1,studies,0.6,0,1,1,0,1,1
s_07,sw02145,sw02145,1,-1,sw02145u,TRUE,minNumSelected=1,that,0,0,0,0,0,0,0
s_07,sw02145,sw02145,1,-1,sw02145u,TRUE,minNumSelected=1,uh,0,0,0,0,0,0,-
s_07,sw02145,sw02145,1,-1,sw02145u,TRUE,minNumSelected=1,these,0,0,0,0,0,0,0
s_07,sw02145,sw02145,1,-1,sw02145u,TRUE,minNumSelected=1,children,1,1,1,1,1,1,0
s_07,sw02145,sw02145,1,-1,sw02145u,TRUE,minNumSelected=1,are,0.2,1,0,0,0,0,0
s_07,sw02145,sw02145,1,-1,sw02145u,TRUE,minNumSelected=1,uh,0,0,0,0,0,0,-
s_07,sw02145,sw02145,1,-1,sw02145u,TRUE,minNumSelected=1,more,0.2,1,0,0,0,0,0
s_07,sw02145,sw02145,1,-1,sw02145u,TRUE,minNumSelected=1,rebellious,1,1,1,1,1,1,1
s_08,sw02154,sw02154,1,-1,sw02154u,TRUE,minNumSelected=1,for,0,0,0,0,0,0,-
s_08,sw02154,sw02154,1,-1,sw02154u,TRUE,minNumSelected=1,for,0,0,0,0,0,0,
s_08,sw02154,sw02154,1,-1,sw02154u,TRUE,minNumSelected=1,local,0.8,1,1,1,1,0,1
s_08,sw02154,sw02154,1,-1,sw02154u,TRUE,minNumSelected=1,news,0.8,1,0,1,1,1,1
s_08,sw02154,sw02154,1,-1,sw02154u,TRUE,minNumSelected=1,i,0,0,0,0,0,0,0
s_08,sw02154,sw02154,1,-1,sw02154u,TRUE,minNumSelected=1,think,0.2,0,1,0,0,0,0
s_08,sw02154,sw02154,1,-1,sw02154u,TRUE,minNumSelected=1,we,0,0,0,0,0,0,0
s_08,sw02154,sw02154,1,-1,sw02154u,TRUE,minNumSelected=1,do,0,0,0,0,0,0,0
s_08,sw02154,sw02154,1,-1,sw02154u,TRUE,minNumSelected=1,real,0.4,1,0,1,0,0,0
s_08,sw02154,sw02154,1,-1,sw02154u,TRUE,minNumSelected=1,well,1,1,1,1,1,1,1
s_09,sw02241,sw02241,1,-1,sw02241u,TRUE,minNumSelected=1,well,0,0,0,0,0,0,-
s_09,sw02241,sw02241,1,-1,sw02241u,TRUE,minNumSelected=1,uh,0,0,0,0,0,0,-
s_09,sw02241,sw02241,1,-1,sw02241u,TRUE,minNumSelected=1,pretty,0,0,0,0,0,0,0
s_09,sw02241,sw02241,1,-1,sw02241u,TRUE,minNumSelected=1,much,0,0,0,0,0,0,0
s_09,sw02241,sw02241,1,-1,sw02241u,TRUE,minNumSelected=1,spent,0.2,0,1,0,0,0,1
s_09,sw02241,sw02241,1,-1,sw02241u,TRUE,minNumSelected=1,most,0,0,0,0,0,0,0
s_09,sw02241,sw02241,1,-1,sw02241u,TRUE,minNumSelected=1,of,0,0,0,0,0,0,-
s_09,sw02241,sw02241,1,-1,sw02241u,TRUE,minNumSelected=1,my,0,0,0,0,0,0,0
s_09,sw02241,sw02241,1,-1,sw02241u,TRUE,minNumSelected=1,time,0.2,0,1,0,0,0,0
s_09,sw02241,sw02241,1,-1,sw02241u,TRUE,minNumSelected=1,either,0,0,0,0,0,0,0
s_09,sw02241,sw02241,1,-1,sw02241u,TRUE,minNumSelected=1,in,0,0,0,0,0,0,-
s_09,sw02241,sw02241,1,-1,sw02241u,TRUE,minNumSelected=1,the,0,0,0,0,0,0,-
s_09,sw02241,sw02241,1,-1,sw02241u,TRUE,minNumSelected=1,yard,1,1,1,1,1,1,1
s_09,sw02241,sw02241,1,-1,sw02241u,TRUE,minNumSelected=1,or,0,0,0,0,0,0,-
s_09,sw02241,sw02241,1,-1,sw02241u,TRUE,minNumSelected=1,at,0,0,0,0,0,0,-
s_09,sw02241,sw02241,1,-1,sw02241u,TRUE,minNumSelected=1,nurseries,1,1,1,1,1,1,1
s_09,sw02241,sw02241,1,-1,sw02241u,TRUE,minNumSelected=1,buying,0.4,0,0,1,1,0,0
s_09,sw02241,sw02241,1,-1,sw02241u,TRUE,minNumSelected=1,stuff,0,0,0,0,0,0,0
s_09,sw02241,sw02241,1,-1,sw02241u,TRUE,minNumSelected=1,for,0,0,0,0,0,0,-
s_09,sw02241,sw02241,1,-1,sw02241u,TRUE,minNumSelected=1,the,0,0,0,0,0,0,-
s_09,sw02241,sw02241,1,-1,sw02241u,TRUE,minNumSelected=1,yard,0.6,1,1,0,1,0,0
s_10,sw02252,sw02252,1,-1,sw02252u,TRUE,minNumSelected=1,i,0,0,0,0,0,0,0
s_10,sw02252,sw02252,1,-1,sw02252u,TRUE,minNumSelected=1,don't,0,0,0,0,0,0,0
s_10,sw02252,sw02252,1,-1,sw02252u,TRUE,minNumSelected=1,know,0.2,0,1,0,0,0,0
s_10,sw02252,sw02252,1,-1,sw02252u,TRUE,minNumSelected=1,that,0,0,0,0,0,0,-
s_10,sw02252,sw02252,1,-1,sw02252u,TRUE,minNumSelected=1,it's,0,0,0,0,0,0,0
s_10,sw02252,sw02252,1,-1,sw02252u,TRUE,minNumSelected=1,so,0,0,0,0,0,0,0
s_10,sw02252,sw02252,1,-1,sw02252u,TRUE,minNumSelected=1,much,0.2,0,1,0,0,0,0
s_10,sw02252,sw02252,1,-1,sw02252u,TRUE,minNumSelected=1,a,0,0,0,0,0,0,-
s_10,sw02252,sw02252,1,-1,sw02252u,TRUE,minNumSelected=1,military,1,1,1,1,1,1,1
s_10,sw02252,sw02252,1,-1,sw02252u,TRUE,minNumSelected=1,threat,1,1,1,1,1,1,0
s_10,sw02252,sw02252,1,-1,sw02252u,TRUE,minNumSelected=1,anymore,0.2,1,0,0,0,0,-
s_11,sw02305,sw02305,1,-1,sw02305u,TRUE,minNumSelected=1,well,0,0,0,0,0,0,-
s_11,sw02305,sw02305,1,-1,sw02305u,TRUE,minNumSelected=1,first,0,0,0,0,0,0,0
s_11,sw02305,sw02305,1,-1,sw02305u,TRUE,minNumSelected=1,i,0,0,0,0,0,0,0
s_11,sw02305,sw02305,1,-1,sw02305u,TRUE,minNumSelected=1,think,0.2,0,1,0,0,0,0
s_11,sw02305,sw02305,1,-1,sw02305u,TRUE,minNumSelected=1,they've,0,0,0,0,0,0,0
s_11,sw02305,sw02305,1,-1,sw02305u,TRUE,minNumSelected=1,got,0,0,0,0,0,0,0
s_11,sw02305,sw02305,1,-1,sw02305u,TRUE,minNumSelected=1,to,0,0,0,0,0,0,-
s_11,sw02305,sw02305,1,-1,sw02305u,TRUE,minNumSelected=1,have,0.2,0,1,0,0,0,0
s_11,sw02305,sw02305,1,-1,sw02305u,TRUE,minNumSelected=1,a,0,0,0,0,0,0,-
s_11,sw02305,sw02305,1,-1,sw02305u,TRUE,minNumSelected=1,pretty,0,0,0,0,0,0,1
s_11,sw02305,sw02305,1,-1,sw02305u,TRUE,minNumSelected=1,good,0.2,0,0,1,0,0,0
s_11,sw02305,sw02305,1,-1,sw02305u,TRUE,minNumSelected=1,idea,1,1,1,1,1,1,0
s_11,sw02305,sw02305,1,-1,sw02305u,TRUE,minNumSelected=1,of,0,0,0,0,0,0,-
s_11,sw02305,sw02305,1,-1,sw02305u,TRUE,minNumSelected=1,what,0,0,0,0,0,0,-
s_11,sw02305,sw02305,1,-1,sw02305u,TRUE,minNumSelected=1,they,0,0,0,0,0,0,-
s_11,sw02305,sw02305,1,-1,sw02305u,TRUE,minNumSelected=1,want,0.2,0,1,0,0,0,-
s_11,sw02305,sw02305,1,-1,sw02305u,TRUE,minNumSelected=1,to,0,0,0,0,0,0,-
s_11,sw02305,sw02305,1,-1,sw02305u,TRUE,minNumSelected=1,what,0,0,0,0,0,0,-
s_11,sw02305,sw02305,1,-1,sw02305u,TRUE,minNumSelected=1,they,0.6,1,0,1,1,0,0
s_11,sw02305,sw02305,1,-1,sw02305u,TRUE,minNumSelected=1,want,0.8,1,0,1,1,1,0
s_11,sw02305,sw02305,1,-1,sw02305u,TRUE,minNumSelected=1,to,0.2,0,0,0,0,1,-
s_11,sw02305,sw02305,1,-1,sw02305u,TRUE,minNumSelected=1,do,0.4,0,1,0,0,1,1
s_12,sw02314,sw02314,1,-1,sw02314u,TRUE,minNumSelected=1,i,0,0,0,0,0,0,0
s_12,sw02314,sw02314,1,-1,sw02314u,TRUE,minNumSelected=1,was,0,0,0,0,0,0,0
s_12,sw02314,sw02314,1,-1,sw02314u,TRUE,minNumSelected=1,tested,1,1,1,1,1,1,0
s_12,sw02314,sw02314,1,-1,sw02314u,TRUE,minNumSelected=1,uh,0,0,0,0,0,0,-
s_12,sw02314,sw02314,1,-1,sw02314u,TRUE,minNumSelected=1,within,0.2,0,1,0,0,0,-
s_12,sw02314,sw02314,1,-1,sw02314u,TRUE,minNumSelected=1,my,0,0,0,0,0,0,0
s_12,sw02314,sw02314,1,-1,sw02314u,TRUE,minNumSelected=1,company,1,1,1,1,1,1,0
s_13,sw02334,sw02334,1,-1,sw02334u,TRUE,minNumSelected=1,oh,0,0,0,0,0,0,-
s_13,sw02334,sw02334,1,-1,sw02334u,TRUE,minNumSelected=1,yeah,0.2,0,1,0,0,0,-
s_13,sw02334,sw02334,1,-1,sw02334u,TRUE,minNumSelected=1,yeah,0,0,0,0,0,0,-
s_13,sw02334,sw02334,1,-1,sw02334u,TRUE,minNumSelected=1,i,0,0,0,0,0,0,0
s_13,sw02334,sw02334,1,-1,sw02334u,TRUE,minNumSelected=1,was,0,0,0,0,0,0,0
s_13,sw02334,sw02334,1,-1,sw02334u,TRUE,minNumSelected=1,buying,1,1,1,1,1,1,1
s_13,sw02334,sw02334,1,-1,sw02334u,TRUE,minNumSelected=1,from,0,0,0,0,0,0,-
s_13,sw02334,sw02334,1,-1,sw02334u,TRUE,minNumSelected=1,other,0.2,1,0,0,0,0,1
s_13,sw02334,sw02334,1,-1,sw02334u,TRUE,minNumSelected=1,dealers,1,1,1,1,1,1,1
s_14,sw02397,sw02397,1,-1,sw02397u,TRUE,minNumSelected=1,um,0,0,0,0,0,0,-
s_14,sw02397,sw02397,1,-1,sw02397u,TRUE,minNumSelected=1,well,0,0,0,0,0,0,-
s_14,sw02397,sw02397,1,-1,sw02397u,TRUE,minNumSelected=1,i've,0,0,0,0,0,0,0
s_14,sw02397,sw02397,1,-1,sw02397u,TRUE,minNumSelected=1,made,0.6,1,1,0,1,0,0
s_14,sw02397,sw02397,1,-1,sw02397u,TRUE,minNumSelected=1,a,0,0,0,0,0,0,-
s_14,sw02397,sw02397,1,-1,sw02397u,TRUE,minNumSelected=1,lot,0,0,0,0,0,0,1
s_14,sw02397,sw02397,1,-1,sw02397u,TRUE,minNumSelected=1,of,0,0,0,0,0,0,-
s_14,sw02397,sw02397,1,-1,sw02397u,TRUE,minNumSelected=1,baby,0.8,1,0,1,1,1,1
s_14,sw02397,sw02397,1,-1,sw02397u,TRUE,minNumSelected=1,gifts,1,1,1,1,1,1,1
s_15,sw02427,sw02427,1,-1,sw02427u,TRUE,minNumSelected=1,well,0,0,0,0,0,0,-
s_15,sw02427,sw02427,1,-1,sw02427u,TRUE,minNumSelected=1,i,0,0,0,0,0,0,0
s_15,sw02427,sw02427,1,-1,sw02427u,TRUE,minNumSelected=1,do,0.2,0,1,0,0,0,0
s_15,sw02427,sw02427,1,-1,sw02427u,TRUE,minNumSelected=1,it,0,0,0,0,0,0,1
s_15,sw02427,sw02427,1,-1,sw02427u,TRUE,minNumSelected=1,all,0,0,0,0,0,0,1
s_15,sw02427,sw02427,1,-1,sw02427u,TRUE,minNumSelected=1,uh,0,0,0,0,0,0,-
s_15,sw02427,sw02427,1,-1,sw02427u,TRUE,minNumSelected=1,yes,0,0,0,0,0,0,-
s_15,sw02427,sw02427,1,-1,sw02427u,TRUE,minNumSelected=1,i,0,0,0,0,0,0,-
s_15,sw02427,sw02427,1,-1,sw02427u,TRUE,minNumSelected=1,i,0,0,0,0,0,0,-
s_15,sw02427,sw02427,1,-1,sw02427u,TRUE,minNumSelected=1,try,0,0,0,0,0,0,1
s_15,sw02427,sw02427,1,-1,sw02427u,TRUE,minNumSelected=1,to,0,0,0,0,0,0,-
s_15,sw02427,sw02427,1,-1,sw02427u,TRUE,minNumSelected=1,grow,0.4,1,1,0,0,0,0
s_15,sw02427,sw02427,1,-1,sw02427u,TRUE,minNumSelected=1,uh,0,0,0,0,0,0,-
s_15,sw02427,sw02427,1,-1,sw02427u,TRUE,minNumSelected=1,uh,0,0,0,0,0,0,-
s_15,sw02427,sw02427,1,-1,sw02427u,TRUE,minNumSelected=1,a,0,0,0,0,0,0,-
s_15,sw02427,sw02427,1,-1,sw02427u,TRUE,minNumSelected=1,vegetable,1,1,1,1,1,1,1
s_15,sw02427,sw02427,1,-1,sw02427u,TRUE,minNumSelected=1,garden,1,1,1,1,1,1,1
s_16,sw02460,sw02460,1,-1,sw02460u,TRUE,minNumSelected=1,well,0,0,0,0,0,0,-
s_16,sw02460,sw02460,1,-1,sw02460u,TRUE,minNumSelected=1,uh,0,0,0,0,0,0,-
s_16,sw02460,sw02460,1,-1,sw02460u,TRUE,minNumSelected=1,i,0,0,0,0,0,0,0
s_16,sw02460,sw02460,1,-1,sw02460u,TRUE,minNumSelected=1,originally,0.2,0,1,0,0,0,0
s_16,sw02460,sw02460,1,-1,sw02460u,TRUE,minNumSelected=1,came,0,0,0,0,0,0,0
s_16,sw02460,sw02460,1,-1,sw02460u,TRUE,minNumSelected=1,from,0,0,0,0,0,0,-
s_16,sw02460,sw02460,1,-1,sw02460u,TRUE,minNumSelected=1,Saint,0.6,0,1,0,1,1,1
s_16,sw02460,sw02460,1,-1,sw02460u,TRUE,minNumSelected=1,Louis,0.6,0,1,0,1,1,1
s_16,sw02460,sw02460,1,-1,sw02460u,TRUE,minNumSelected=1,so,0,0,0,0,0,0,0
s_16,sw02460,sw02460,1,-1,sw02460u,TRUE,minNumSelected=1,uh,0,0,0,0,0,0,-
s_16,sw02460,sw02460,1,-1,sw02460u,TRUE,minNumSelected=1,the,0,0,0,0,0,0,-
s_16,sw02460,sw02460,1,-1,sw02460u,TRUE,minNumSelected=1,Saint,0.4,1,0,1,0,0,1
s_16,sw02460,sw02460,1,-1,sw02460u,TRUE,minNumSelected=1,Louis,0.4,1,0,1,0,0,1
s_16,sw02460,sw02460,1,-1,sw02460u,TRUE,minNumSelected=1,Cardinals,1,1,1,1,1,1,1
s_16,sw02460,sw02460,1,-1,sw02460u,TRUE,minNumSelected=1,are,0,0,0,0,0,0,0
s_16,sw02460,sw02460,1,-1,sw02460u,TRUE,minNumSelected=1,one,0.2,1,0,0,0,0,0
s_17,sw02461,sw02461,1,-1,sw02461u,TRUE,minNumSelected=1,no,0,0,0,0,0,0,-
s_17,sw02461,sw02461,1,-1,sw02461u,TRUE,minNumSelected=1,uh,0,0,0,0,0,0,-
s_17,sw02461,sw02461,1,-1,sw02461u,TRUE,minNumSelected=1,sure,0.2,0,0,1,0,0,-
s_17,sw02461,sw02461,1,-1,sw02461u,TRUE,minNumSelected=1,don't,0.4,0,1,1,0,0,-
s_17,sw02461,sw02461,1,-1,sw02461u,TRUE,minNumSelected=1,my,0,0,0,0,0,0,0
s_17,sw02461,sw02461,1,-1,sw02461u,TRUE,minNumSelected=1,wife,0.2,0,0,0,0,1,0
s_17,sw02461,sw02461,1,-1,sw02461u,TRUE,minNumSelected=1,and,0,0,0,0,0,0,-
s_17,sw02461,sw02461,1,-1,sw02461u,TRUE,minNumSelected=1,i,0,0,0,0,0,0,0
s_17,sw02461,sw02461,1,-1,sw02461u,TRUE,minNumSelected=1,have,0,0,0,0,0,0,0
s_17,sw02461,sw02461,1,-1,sw02461u,TRUE,minNumSelected=1,just,0.2,1,0,0,0,0,0
s_17,sw02461,sw02461,1,-1,sw02461u,TRUE,minNumSelected=1,been,0,0,0,0,0,0,0
s_17,sw02461,sw02461,1,-1,sw02461u,TRUE,minNumSelected=1,married,1,1,1,1,1,1,1
s_17,sw02461,sw02461,1,-1,sw02461u,TRUE,minNumSelected=1,about,0,0,0,0,0,0,0
s_17,sw02461,sw02461,1,-1,sw02461u,TRUE,minNumSelected=1,two,0.2,0,1,0,0,0,0
s_17,sw02461,sw02461,1,-1,sw02461u,TRUE,minNumSelected=1,years,0.2,0,1,0,0,0,1
s_17,sw02461,sw02461,1,-1,sw02461u,TRUE,minNumSelected=1,but,0,0,0,0,0,0,-
s_17,sw02461,sw02461,1,-1,sw02461u,TRUE,minNumSelected=1,i,0,0,0,0,0,0,0
s_17,sw02461,sw02461,1,-1,sw02461u,TRUE,minNumSelected=1,have,0,0,0,0,0,0,0
s_17,sw02461,sw02461,1,-1,sw02461u,TRUE,minNumSelected=1,a,0,0,0,0,0,0,-
s_17,sw02461,sw02461,1,-1,sw02461u,TRUE,minNumSelected=1,sister,0.6,0,1,1,0,1,1
s_17,sw02461,sw02461,1,-1,sw02461u,TRUE,minNumSelected=1,that's,0,0,0,0,0,0,0
s_17,sw02461,sw02461,1,-1,sw02461u,TRUE,minNumSelected=1,a,0,0,0,0,0,0,-
s_17,sw02461,sw02461,1,-1,sw02461u,TRUE,minNumSelected=1,uh,0,0,0,0,0,0,-
s_17,sw02461,sw02461,1,-1,sw02461u,TRUE,minNumSelected=1,school,0.2,0,0,1,0,0,1
s_17,sw02461,sw02461,1,-1,sw02461u,TRUE,minNumSelected=1,teacher,0.4,0,1,1,0,0,1
s_18,sw02486,sw02486,1,-1,sw02486u,TRUE,minNumSelected=1,well,0,0,0,0,0,0,-
s_18,sw02486,sw02486,1,-1,sw02486u,TRUE,minNumSelected=1,uh,0,0,0,0,0,0,-
s_18,sw02486,sw02486,1,-1,sw02486u,TRUE,minNumSelected=1,i,0,0,0,0,0,0,0
s_18,sw02486,sw02486,1,-1,sw02486u,TRUE,minNumSelected=1,am,0,0,0,0,0,0,0
s_18,sw02486,sw02486,1,-1,sw02486u,TRUE,minNumSelected=1,basically,0,0,0,0,0,0,0
s_18,sw02486,sw02486,1,-1,sw02486u,TRUE,minNumSelected=1,retired,0.4,0,1,0,0,1,1
s_18,sw02486,sw02486,1,-1,sw02486u,TRUE,minNumSelected=1,now,0,0,0,0,0,0,1
s_18,sw02486,sw02486,1,-1,sw02486u,TRUE,minNumSelected=1,i,0,0,0,0,0,0,-
s_18,sw02486,sw02486,1,-1,sw02486u,TRUE,minNumSelected=1,was,0,0,0,0,0,0,-
s_18,sw02486,sw02486,1,-1,sw02486u,TRUE,minNumSelected=1,a,0,0,0,0,0,0,-
s_18,sw02486,sw02486,1,-1,sw02486u,TRUE,minNumSelected=1,member,0.2,0,1,0,0,0,-
s_18,sw02486,sw02486,1,-1,sw02486u,TRUE,minNumSelected=1,i,0,0,0,0,0,0,0
s_18,sw02486,sw02486,1,-1,sw02486u,TRUE,minNumSelected=1,was,0,0,0,0,0,0,1
s_18,sw02486,sw02486,1,-1,sw02486u,TRUE,minNumSelected=1,in,0,0,0,0,0,0,-
s_18,sw02486,sw02486,1,-1,sw02486u,TRUE,minNumSelected=1,education,0.2,0,1,0,0,0,1
s_18,sw02486,sw02486,1,-1,sw02486u,TRUE,minNumSelected=1,and,0,0,0,0,0,0,-
s_18,sw02486,sw02486,1,-1,sw02486u,TRUE,minNumSelected=1,in,0,0,0,0,0,0,-
s_18,sw02486,sw02486,1,-1,sw02486u,TRUE,minNumSelected=1,administration,0.2,0,1,0,0,0,1
s_18,sw02486,sw02486,1,-1,sw02486u,TRUE,minNumSelected=1,so,0,0,0,0,0,0,0
s_18,sw02486,sw02486,1,-1,sw02486u,TRUE,minNumSelected=1,basically,0,0,0,0,0,0,0
s_18,sw02486,sw02486,1,-1,sw02486u,TRUE,minNumSelected=1,i,0,0,0,0,0,0,-
s_18,sw02486,sw02486,1,-1,sw02486u,TRUE,minNumSelected=1,wore,0,0,0,0,0,0,-
s_18,sw02486,sw02486,1,-1,sw02486u,TRUE,minNumSelected=1,dresses,1,1,1,1,1,1,1
s_18,sw02486,sw02486,1,-1,sw02486u,TRUE,minNumSelected=1,and,0,0,0,0,0,0,-
s_18,sw02486,sw02486,1,-1,sw02486u,TRUE,minNumSelected=1,uh,0,0,0,0,0,0,-
s_18,sw02486,sw02486,1,-1,sw02486u,TRUE,minNumSelected=1,heels,0.8,1,0,1,1,1,1
s_19,sw02499,sw02499,1,-1,sw02499u,TRUE,minNumSelected=1,okay,0,0,0,0,0,0,-
s_19,sw02499,sw02499,1,-1,sw02499u,TRUE,minNumSelected=1,so,0,0,0,0,0,0,-
s_19,sw02499,sw02499,1,-1,sw02499u,TRUE,minNumSelected=1,the,0,0,0,0,0,0,-
s_19,sw02499,sw02499,1,-1,sw02499u,TRUE,minNumSelected=1,latest,0,0,0,0,0,0,1
s_19,sw02499,sw02499,1,-1,sw02499u,TRUE,minNumSelected=1,movie,0.6,0,1,0,1,1,0
s_19,sw02499,sw02499,1,-1,sw02499u,TRUE,minNumSelected=1,i've,0,0,0,0,0,0,0
s_19,sw02499,sw02499,1,-1,sw02499u,TRUE,minNumSelected=1,seen,0,0,0,0,0,0,0
s_19,sw02499,sw02499,1,-1,sw02499u,TRUE,minNumSelected=1,that,0,0,0,0,0,0,0
s_19,sw02499,sw02499,1,-1,sw02499u,TRUE,minNumSelected=1,i,0,0,0,0,0,0,0
s_19,sw02499,sw02499,1,-1,sw02499u,TRUE,minNumSelected=1,thought,0,0,0,0,0,0,0
s_19,sw02499,sw02499,1,-1,sw02499u,TRUE,minNumSelected=1,was,0,0,0,0,0,0,0
s_19,sw02499,sw02499,1,-1,sw02499u,TRUE,minNumSelected=1,fantastic,0.4,0,1,1,0,0,1
s_19,sw02499,sw02499,1,-1,sw02499u,TRUE,minNumSelected=1,was,0,0,0,0,0,0,0
s_19,sw02499,sw02499,1,-1,sw02499u,TRUE,minNumSelected=1,Dances,1,1,1,1,1,1,1
s_19,sw02499,sw02499,1,-1,sw02499u,TRUE,minNumSelected=1,With,1,1,1,1,1,1,-
s_19,sw02499,sw02499,1,-1,sw02499u,TRUE,minNumSelected=1,Wolves,1,1,1,1,1,1,1
s_20,sw02510,sw02510,1,-1,sw02510u,TRUE,minNumSelected=1,yeah,0,0,0,0,0,0,0
s_20,sw02510,sw02510,1,-1,sw02510u,TRUE,minNumSelected=1,i,0,0,0,0,0,0,0
s_20,sw02510,sw02510,1,-1,sw02510u,TRUE,minNumSelected=1,have,0,0,0,0,0,0,-
s_20,sw02510,sw02510,1,-1,sw02510u,TRUE,minNumSelected=1,three,0.6,0,1,1,1,0,1
s_20,sw02510,sw02510,1,-1,sw02510u,TRUE,minNumSelected=1,cats,1,1,1,1,1,1,1
s_20,sw02510,sw02510,1,-1,sw02510u,TRUE,minNumSelected=1,and,0,0,0,0,0,0,-
s_20,sw02510,sw02510,1,-1,sw02510u,TRUE,minNumSelected=1,a,0,0,0,0,0,0,-
s_20,sw02510,sw02510,1,-1,sw02510u,TRUE,minNumSelected=1,dog,1,1,1,1,1,1,1
s_21,sw02533,sw02533,1,-1,sw02533u,TRUE,minNumSelected=1,well,0,0,0,0,0,0,-
s_21,sw02533,sw02533,1,-1,sw02533u,TRUE,minNumSelected=1,i'm,0,0,0,0,0,0,0
s_21,sw02533,sw02533,1,-1,sw02533u,TRUE,minNumSelected=1,only,0,0,0,0,0,0,1
s_21,sw02533,sw02533,1,-1,sw02533u,TRUE,minNumSelected=1,a,0,0,0,0,0,0,-
s_21,sw02533,sw02533,1,-1,sw02533u,TRUE,minNumSelected=1,little,0,0,0,0,0,0,1
s_21,sw02533,sw02533,1,-1,sw02533u,TRUE,minNumSelected=1,bit,0,0,0,0,0,0,0
s_21,sw02533,sw02533,1,-1,sw02533u,TRUE,minNumSelected=1,familiar,0.2,0,1,0,0,0,0
s_21,sw02533,sw02533,1,-1,sw02533u,TRUE,minNumSelected=1,with,0,0,0,0,0,0,-
s_21,sw02533,sw02533,1,-1,sw02533u,TRUE,minNumSelected=1,the,0,0,0,0,0,0,-
s_21,sw02533,sw02533,1,-1,sw02533u,TRUE,minNumSelected=1,Red,1,1,1,1,1,1,1
s_21,sw02533,sw02533,1,-1,sw02533u,TRUE,minNumSelected=1,Sox,1,1,1,1,1,1,1
s_21,sw02533,sw02533,1,-1,sw02533u,TRUE,minNumSelected=1,because,0,0,0,0,0,0,-
s_21,sw02533,sw02533,1,-1,sw02533u,TRUE,minNumSelected=1,i,0,0,0,0,0,0,0
s_21,sw02533,sw02533,1,-1,sw02533u,TRUE,minNumSelected=1,lived,0.2,0,1,0,0,0,0
s_21,sw02533,sw02533,1,-1,sw02533u,TRUE,minNumSelected=1,up,0,0,0,0,0,0,-
s_21,sw02533,sw02533,1,-1,sw02533u,TRUE,minNumSelected=1,in,0,0,0,0,0,0,-
s_21,sw02533,sw02533,1,-1,sw02533u,TRUE,minNumSelected=1,Boston,0.8,0,1,1,1,1,1
s_21,sw02533,sw02533,1,-1,sw02533u,TRUE,minNumSelected=1,for,0,0,0,0,0,0,-
s_21,sw02533,sw02533,1,-1,sw02533u,TRUE,minNumSelected=1,a,0,0,0,0,0,0,-
s_21,sw02533,sw02533,1,-1,sw02533u,TRUE,minNumSelected=1,while,0,0,0,0,0,0,0
s_22,sw02547,sw02547,1,-1,sw02547u,TRUE,minNumSelected=1,when,0,0,0,0,0,0,0
s_22,sw02547,sw02547,1,-1,sw02547u,TRUE,minNumSelected=1,we,0,0,0,0,0,0,0
s_22,sw02547,sw02547,1,-1,sw02547u,TRUE,minNumSelected=1,built,0.2,0,1,0,0,0,0
s_22,sw02547,sw02547,1,-1,sw02547u,TRUE,minNumSelected=1,it,0,0,0,0,0,0,0
s_22,sw02547,sw02547,1,-1,sw02547u,TRUE,minNumSelected=1,ten,0,0,0,0,0,0,0
s_22,sw02547,sw02547,1,-1,sw02547u,TRUE,minNumSelected=1,years,0.2,0,1,0,0,0,0
s_22,sw02547,sw02547,1,-1,sw02547u,TRUE,minNumSelected=1,ago,0.2,0,1,0,0,0,0
s_22,sw02547,sw02547,1,-1,sw02547u,TRUE,minNumSelected=1,it,0,0,0,0,0,0,-
s_22,sw02547,sw02547,1,-1,sw02547u,TRUE,minNumSelected=1,was,0,0,0,0,0,0,-
s_22,sw02547,sw02547,1,-1,sw02547u,TRUE,minNumSelected=1,it,0,0,0,0,0,0,0
s_22,sw02547,sw02547,1,-1,sw02547u,TRUE,minNumSelected=1,ran,0,0,0,0,0,0,0
s_22,sw02547,sw02547,1,-1,sw02547u,TRUE,minNumSelected=1,around,0,0,0,0,0,0,0
s_22,sw02547,sw02547,1,-1,sw02547u,TRUE,minNumSelected=1,a,0,0,0,0,0,0,-
s_22,sw02547,sw02547,1,-1,sw02547u,TRUE,minNumSelected=1,hundred,1,1,1,1,1,1,1
s_22,sw02547,sw02547,1,-1,sw02547u,TRUE,minNumSelected=1,and,0,0,0,0,0,0,-
s_22,sw02547,sw02547,1,-1,sw02547u,TRUE,minNumSelected=1,forty,1,1,1,1,1,1,1
s_22,sw02547,sw02547,1,-1,sw02547u,TRUE,minNumSelected=1,thousand,1,1,1,1,1,1,1
s_22,sw02547,sw02547,1,-1,sw02547u,TRUE,minNumSelected=1,dollars,0.6,0,0,1,1,1,1
s_23,sw02554,sw02554,1,-1,sw02554u,TRUE,minNumSelected=1,well,0,0,0,0,0,0,-
s_23,sw02554,sw02554,1,-1,sw02554u,TRUE,minNumSelected=1,um,0,0,0,0,0,0,-
s_23,sw02554,sw02554,1,-1,sw02554u,TRUE,minNumSelected=1,most,0.2,0,1,0,0,0,0
s_23,sw02554,sw02554,1,-1,sw02554u,TRUE,minNumSelected=1,of,0,0,0,0,0,0,-
s_23,sw02554,sw02554,1,-1,sw02554u,TRUE,minNumSelected=1,the,0,0,0,0,0,0,-
s_23,sw02554,sw02554,1,-1,sw02554u,TRUE,minNumSelected=1,stuff,0.4,0,1,0,0,1,0
s_23,sw02554,sw02554,1,-1,sw02554u,TRUE,minNumSelected=1,up,0,0,0,0,0,0,-
s_23,sw02554,sw02554,1,-1,sw02554u,TRUE,minNumSelected=1,until,0,0,0,0,0,0,-
s_23,sw02554,sw02554,1,-1,sw02554u,TRUE,minNumSelected=1,now,0,0,0,0,0,0,1
s_23,sw02554,sw02554,1,-1,sw02554u,TRUE,minNumSelected=1,in,0,0,0,0,0,0,-
s_23,sw02554,sw02554,1,-1,sw02554u,TRUE,minNumSelected=1,the,0,0,0,0,0,0,-
s_23,sw02554,sw02554,1,-1,sw02554u,TRUE,minNumSelected=1,recent,0.2,0,1,0,0,0,1
s_23,sw02554,sw02554,1,-1,sw02554u,TRUE,minNumSelected=1,months,0,0,0,0,0,0,1
s_23,sw02554,sw02554,1,-1,sw02554u,TRUE,minNumSelected=1,i-,0,0,0,0,0,0,-
s_23,sw02554,sw02554,1,-1,sw02554u,TRUE,minNumSelected=1,i-,0,0,0,0,0,0,-
s_23,sw02554,sw02554,1,-1,sw02554u,TRUE,minNumSelected=1,i,0,0,0,0,0,0,0
s_23,sw02554,sw02554,1,-1,sw02554u,TRUE,minNumSelected=1,don't,0.6,1,0,1,1,0,0
s_23,sw02554,sw02554,1,-1,sw02554u,TRUE,minNumSelected=1,have,0.6,1,0,1,1,0,0
s_23,sw02554,sw02554,1,-1,sw02554u,TRUE,minNumSelected=1,any,0,0,0,0,0,0,-
s_23,sw02554,sw02554,1,-1,sw02554u,TRUE,minNumSelected=1,problem,1,1,1,1,1,1,0
s_23,sw02554,sw02554,1,-1,sw02554u,TRUE,minNumSelected=1,with,0,0,0,0,0,0,-
s_24,sw02558,sw02558,1,-1,sw02558u,TRUE,minNumSelected=1,uh,0,0,0,0,0,0,-
s_24,sw02558,sw02558,1,-1,sw02558u,TRUE,minNumSelected=1,that's,0,0,0,0,0,0,0
s_24,sw02558,sw02558,1,-1,sw02558u,TRUE,minNumSelected=1,the,0,0,0,0,0,0,-
s_24,sw02558,sw02558,1,-1,sw02558u,TRUE,minNumSelected=1,first,0.2,0,1,0,0,0,1
s_24,sw02558,sw02558,1,-1,sw02558u,TRUE,minNumSelected=1,i've,0,0,0,0,0,0,0
s_24,sw02558,sw02558,1,-1,sw02558u,TRUE,minNumSelected=1,ever,0,0,0,0,0,0,0
s_24,sw02558,sw02558,1,-1,sw02558u,TRUE,minNumSelected=1,heard,0.6,0,1,1,0,1,0
s_24,sw02558,sw02558,1,-1,sw02558u,TRUE,minNumSelected=1,of,0,0,0,0,0,0,-
s_24,sw02558,sw02558,1,-1,sw02558u,TRUE,minNumSelected=1,it,0,0,0,0,0,0,0
s_24,sw02558,sw02558,1,-1,sw02558u,TRUE,minNumSelected=1,i,0,0,0,0,0,0,0
s_24,sw02558,sw02558,1,-1,sw02558u,TRUE,minNumSelected=1,haven't,0.4,1,0,0,1,0,0
s_24,sw02558,sw02558,1,-1,sw02558u,TRUE,minNumSelected=1,heard,0.6,1,0,1,1,0,0
s_24,sw02558,sw02558,1,-1,sw02558u,TRUE,minNumSelected=1,of,0,0,0,0,0,0,-
s_24,sw02558,sw02558,1,-1,sw02558u,TRUE,minNumSelected=1,it,0,0,0,0,0,0,0
s_24,sw02558,sw02558,1,-1,sw02558u,TRUE,minNumSelected=1,anything,0.4,0,1,1,0,0,0
s_24,sw02558,sw02558,1,-1,sw02558u,TRUE,minNumSelected=1,too,0,0,0,0,0,0,0
s_24,sw02558,sw02558,1,-1,sw02558u,TRUE,minNumSelected=1,much,0.4,0,0,1,0,1,0
s_24,sw02558,sw02558,1,-1,sw02558u,TRUE,minNumSelected=1,about,0.4,1,1,0,0,0,-
s_24,sw02558,sw02558,1,-1,sw02558u,TRUE,minNumSelected=1,it,0.2,1,0,0,0,0,0
s_25,sw02559,sw02559,1,-1,sw02559u,TRUE,minNumSelected=1,it,0,0,0,0,0,0,0
s_25,sw02559,sw02559,1,-1,sw02559u,TRUE,minNumSelected=1,was,0,0,0,0,0,0,0
s_25,sw02559,sw02559,1,-1,sw02559u,TRUE,minNumSelected=1,just,0,0,0,0,0,0,0
s_25,sw02559,sw02559,1,-1,sw02559u,TRUE,minNumSelected=1,as,0,0,0,0,0,0,-
s_25,sw02559,sw02559,1,-1,sw02559u,TRUE,minNumSelected=1,a,0,0,0,0,0,0,-
s_25,sw02559,sw02559,1,-1,sw02559u,TRUE,minNumSelected=1,demonstration,1,1,1,1,1,1,1
s_25,sw02559,sw02559,1,-1,sw02559u,TRUE,minNumSelected=1,to,0,0,0,0,0,0,-
s_25,sw02559,sw02559,1,-1,sw02559u,TRUE,minNumSelected=1,show,0,0,0,0,0,0,0
s_25,sw02559,sw02559,1,-1,sw02559u,TRUE,minNumSelected=1,those,0,0,0,0,0,0,0
s_25,sw02559,sw02559,1,-1,sw02559u,TRUE,minNumSelected=1,who,0,0,0,0,0,0,0
s_25,sw02559,sw02559,1,-1,sw02559u,TRUE,minNumSelected=1,were,0,0,0,0,0,0,0
s_25,sw02559,sw02559,1,-1,sw02559u,TRUE,minNumSelected=1,watching,0.4,0,1,1,0,0,0
s_25,sw02559,sw02559,1,-1,sw02559u,TRUE,minNumSelected=1,it,0,0,0,0,0,0,0
s_25,sw02559,sw02559,1,-1,sw02559u,TRUE,minNumSelected=1,how,0,0,0,0,0,0,0
s_25,sw02559,sw02559,1,-1,sw02559u,TRUE,minNumSelected=1,easily,0.4,1,0,0,1,0,0
s_25,sw02559,sw02559,1,-1,sw02559u,TRUE,minNumSelected=1,obtainable,0.8,1,0,1,1,1,1
s_25,sw02559,sw02559,1,-1,sw02559u,TRUE,minNumSelected=1,information,0.8,1,1,1,1,0,0
s_25,sw02559,sw02559,1,-1,sw02559u,TRUE,minNumSelected=1,is,0,0,0,0,0,0,0
s_25,sw02559,sw02559,1,-1,sw02559u,TRUE,minNumSelected=1,on,0,0,0,0,0,0,-
s_25,sw02559,sw02559,1,-1,sw02559u,TRUE,minNumSelected=1,any,0,0,0,0,0,0,-
s_25,sw02559,sw02559,1,-1,sw02559u,TRUE,minNumSelected=1,single,0,0,0,0,0,0,0
s_25,sw02559,sw02559,1,-1,sw02559u,TRUE,minNumSelected=1,person,0.4,0,0,1,0,1,0
s_26,sw02589,sw02589,1,-1,sw02589u,TRUE,minNumSelected=1,the,0,0,0,0,0,0,-
s_26,sw02589,sw02589,1,-1,sw02589u,TRUE,minNumSelected=1,educators,0.8,0,1,1,1,1,0
s_26,sw02589,sw02589,1,-1,sw02589u,TRUE,minNumSelected=1,need,0,0,0,0,0,0,0
s_26,sw02589,sw02589,1,-1,sw02589u,TRUE,minNumSelected=1,to,0,0,0,0,0,0,-
s_26,sw02589,sw02589,1,-1,sw02589u,TRUE,minNumSelected=1,be,0,0,0,0,0,0,0
s_26,sw02589,sw02589,1,-1,sw02589u,TRUE,minNumSelected=1,a,0,0,0,0,0,0,0
s_26,sw02589,sw02589,1,-1,sw02589u,TRUE,minNumSelected=1,little,0,0,0,0,0,0,0
s_26,sw02589,sw02589,1,-1,sw02589u,TRUE,minNumSelected=1,bit,0,0,0,0,0,0,0
s_26,sw02589,sw02589,1,-1,sw02589u,TRUE,minNumSelected=1,more,0.2,1,0,0,0,0,0
s_26,sw02589,sw02589,1,-1,sw02589u,TRUE,minNumSelected=1,open,1,1,1,1,1,1,-
s_26,sw02589,sw02589,1,-1,sw02589u,TRUE,minNumSelected=1,minded,0.8,1,0,1,1,1,-
s_27,sw02597,sw02597,1,-1,sw02597u,TRUE,minNumSelected=1,oh,0,0,0,0,0,0,-
s_27,sw02597,sw02597,1,-1,sw02597u,TRUE,minNumSelected=1,uh,0,0,0,0,0,0,-
s_27,sw02597,sw02597,1,-1,sw02597u,TRUE,minNumSelected=1,i'm,0,0,0,0,0,0,-
s_27,sw02597,sw02597,1,-1,sw02597u,TRUE,minNumSelected=1,sure,0,0,0,0,0,0,-
s_27,sw02597,sw02597,1,-1,sw02597u,TRUE,minNumSelected=1,i'm,0,0,0,0,0,0,0
s_27,sw02597,sw02597,1,-1,sw02597u,TRUE,minNumSelected=1,sure,0.2,0,1,0,0,0,1
s_27,sw02597,sw02597,1,-1,sw02597u,TRUE,minNumSelected=1,i-,0,0,0,0,0,0,-
s_27,sw02597,sw02597,1,-1,sw02597u,TRUE,minNumSelected=1,this,0,0,0,0,0,0,0
s_27,sw02597,sw02597,1,-1,sw02597u,TRUE,minNumSelected=1,is,0,0,0,0,0,0,0
s_27,sw02597,sw02597,1,-1,sw02597u,TRUE,minNumSelected=1,the,0,0,0,0,0,0,-
s_27,sw02597,sw02597,1,-1,sw02597u,TRUE,minNumSelected=1,one,0,0,0,0,0,0,1
s_27,sw02597,sw02597,1,-1,sw02597u,TRUE,minNumSelected=1,time,0,0,0,0,0,0,1
s_27,sw02597,sw02597,1,-1,sw02597u,TRUE,minNumSelected=1,that,0,0,0,0,0,0,0
s_27,sw02597,sw02597,1,-1,sw02597u,TRUE,minNumSelected=1,the,0,0,0,0,0,0,-
s_27,sw02597,sw02597,1,-1,sw02597u,TRUE,minNumSelected=1,Israelis,1,1,1,1,1,1,1
s_27,sw02597,sw02597,1,-1,sw02597u,TRUE,minNumSelected=1,are,0,0,0,0,0,0,0
s_27,sw02597,sw02597,1,-1,sw02597u,TRUE,minNumSelected=1,really,0.2,1,0,0,0,0,0
s_27,sw02597,sw02597,1,-1,sw02597u,TRUE,minNumSelected=1,happy,0.6,1,1,1,0,0,1
s_27,sw02597,sw02597,1,-1,sw02597u,TRUE,minNumSelected=1,to,0,0,0,0,0,0,-
s_27,sw02597,sw02597,1,-1,sw02597u,TRUE,minNumSelected=1,have,0.2,0,0,0,1,0,0
s_27,sw02597,sw02597,1,-1,sw02597u,TRUE,minNumSelected=1,their,0,0,0,0,0,0,1
s_27,sw02597,sw02597,1,-1,sw02597u,TRUE,minNumSelected=1,big,0,0,0,0,0,0,1
s_27,sw02597,sw02597,1,-1,sw02597u,TRUE,minNumSelected=1,brothers,0.4,0,1,1,0,0,1
s_27,sw02597,sw02597,1,-1,sw02597u,TRUE,minNumSelected=1,the,0,0,0,0,0,0,-
s_27,sw02597,sw02597,1,-1,sw02597u,TRUE,minNumSelected=1,Americans,0.8,0,1,1,1,1,1
s_28,sw02598,sw02598,1,-1,sw02598u,TRUE,minNumSelected=1,i'd,0,0,0,0,0,0,0
s_28,sw02598,sw02598,1,-1,sw02598u,TRUE,minNumSelected=1,like,0.6,0,1,1,1,0,0
s_28,sw02598,sw02598,1,-1,sw02598u,TRUE,minNumSelected=1,to,0,0,0,0,0,0,-
s_28,sw02598,sw02598,1,-1,sw02598u,TRUE,minNumSelected=1,see,0.4,1,1,0,0,0,1
s_28,sw02598,sw02598,1,-1,sw02598u,TRUE,minNumSelected=1,those,0.6,1,0,0,1,1,0
s_29,sw02611,sw02611,1,-1,sw02611u,TRUE,minNumSelected=1,i,0,0,0,0,0,0,0
s_29,sw02611,sw02611,1,-1,sw02611u,TRUE,minNumSelected=1,used,0.2,0,0,0,1,0,0
s_29,sw02611,sw02611,1,-1,sw02611u,TRUE,minNumSelected=1,to,0.2,0,0,0,1,0,-
s_29,sw02611,sw02611,1,-1,sw02611u,TRUE,minNumSelected=1,smoke,0.8,0,1,1,1,1,0
s_29,sw02611,sw02611,1,-1,sw02611u,TRUE,minNumSelected=1,a,0,0,0,0,0,0,-
s_29,sw02611,sw02611,1,-1,sw02611u,TRUE,minNumSelected=1,long,0.2,1,0,0,0,0,0
s_29,sw02611,sw02611,1,-1,sw02611u,TRUE,minNumSelected=1,time,0.2,0,1,0,0,0,0
s_29,sw02611,sw02611,1,-1,sw02611u,TRUE,minNumSelected=1,ago,0.4,1,0,1,0,0,0
s_30,sw02615,sw02615,1,-1,sw02615u,TRUE,minNumSelected=1,uh,0,0,0,0,0,0,-
s_30,sw02615,sw02615,1,-1,sw02615u,TRUE,minNumSelected=1,well,0,0,0,0,0,0,-
s_30,sw02615,sw02615,1,-1,sw02615u,TRUE,minNumSelected=1,if,0,0,0,0,0,0,-
s_30,sw02615,sw02615,1,-1,sw02615u,TRUE,minNumSelected=1,you,0,0,0,0,0,0,-
s_30,sw02615,sw02615,1,-1,sw02615u,TRUE,minNumSelected=1,know,0,0,0,0,0,0,-
s_30,sw02615,sw02615,1,-1,sw02615u,TRUE,minNumSelected=1,diesels,1,1,1,1,1,1,0
s_30,sw02615,sw02615,1,-1,sw02615u,TRUE,minNumSelected=1,don't,0,0,0,0,0,0,0
s_30,sw02615,sw02615,1,-1,sw02615u,TRUE,minNumSelected=1,require,0,0,0,0,0,0,0
s_30,sw02615,sw02615,1,-1,sw02615u,TRUE,minNumSelected=1,mechanics,0.8,0,1,1,1,1,1
s_30,sw02615,sw02615,1,-1,sw02615u,TRUE,minNumSelected=1,they,0,0,0,0,0,0,-
s_30,sw02615,sw02615,1,-1,sw02615u,TRUE,minNumSelected=1,require,0.2,1,0,0,0,0,-
s_30,sw02615,sw02615,1,-1,sw02615u,TRUE,minNumSelected=1,plumbers,0.8,1,1,1,0,1,-
s_31,sw02617,sw02617,1,-1,sw02617u,TRUE,minNumSelected=1,i,0,0,0,0,0,0,1
s_31,sw02617,sw02617,1,-1,sw02617u,TRUE,minNumSelected=1,would,0,0,0,0,0,0,0
s_31,sw02617,sw02617,1,-1,sw02617u,TRUE,minNumSelected=1,agree,1,1,1,1,1,1,1
s_31,sw02617,sw02617,1,-1,sw02617u,TRUE,minNumSelected=1,with,0,0,0,0,0,0,-
s_31,sw02617,sw02617,1,-1,sw02617u,TRUE,minNumSelected=1,you,0.2,0,1,0,0,0,0
s_31,sw02617,sw02617,1,-1,sw02617u,TRUE,minNumSelected=1,there,0,0,0,0,0,0,0
s_32,sw02627,sw02627,1,-1,sw02627u,TRUE,minNumSelected=1,um,0,0,0,0,0,0,-
s_32,sw02627,sw02627,1,-1,sw02627u,TRUE,minNumSelected=1,i,0.4,0,0,0,1,1,0
s_32,sw02627,sw02627,1,-1,sw02627u,TRUE,minNumSelected=1,do,0.2,0,0,0,1,0,0
s_32,sw02627,sw02627,1,-1,sw02627u,TRUE,minNumSelected=1,some,0.2,0,1,0,0,0,1
s_32,sw02627,sw02627,1,-1,sw02627u,TRUE,minNumSelected=1,every,0,0,0,0,0,0,-
s_32,sw02627,sw02627,1,-1,sw02627u,TRUE,minNumSelected=1,now,0.8,1,1,1,0,1,0
s_32,sw02627,sw02627,1,-1,sw02627u,TRUE,minNumSelected=1,and,0.2,1,0,0,0,0,-
s_32,sw02627,sw02627,1,-1,sw02627u,TRUE,minNumSelected=1,then,0.8,1,1,1,0,1,0
s_33,sw02641,sw02641,1,-1,sw02641u,TRUE,minNumSelected=1,um,0,0,0,0,0,0,-
s_33,sw02641,sw02641,1,-1,sw02641u,TRUE,minNumSelected=1,we,0,0,0,0,0,0,0
s_33,sw02641,sw02641,1,-1,sw02641u,TRUE,minNumSelected=1,got,0.2,0,1,0,0,0,0
s_33,sw02641,sw02641,1,-1,sw02641u,TRUE,minNumSelected=1,two,0.6,1,0,1,1,0,1
s_33,sw02641,sw02641,1,-1,sw02641u,TRUE,minNumSelected=1,cats,1,1,1,1,1,1,1
s_34,sw02648,sw02648,1,-1,sw02648u,TRUE,minNumSelected=1,i,0,0,0,0,0,0,0
s_34,sw02648,sw02648,1,-1,sw02648u,TRUE,minNumSelected=1,have,0,0,0,0,0,0,0
s_34,sw02648,sw02648,1,-1,sw02648u,TRUE,minNumSelected=1,trouble,0.4,0,1,0,1,0,1
s_34,sw02648,sw02648,1,-1,sw02648u,TRUE,minNumSelected=1,with,0,0,0,0,0,0,-
s_34,sw02648,sw02648,1,-1,sw02648u,TRUE,minNumSelected=1,the,0,0,0,0,0,0,-
s_34,sw02648,sw02648,1,-1,sw02648u,TRUE,minNumSelected=1,chemical,1,1,1,1,1,1,1
s_34,sw02648,sw02648,1,-1,sw02648u,TRUE,minNumSelected=1,plants,0.8,1,0,1,1,1,1
s_34,sw02648,sw02648,1,-1,sw02648u,TRUE,minNumSelected=1,and,0,0,0,0,0,0,-
s_34,sw02648,sw02648,1,-1,sw02648u,TRUE,minNumSelected=1,things,0.2,0,1,0,0,0,0
s_34,sw02648,sw02648,1,-1,sw02648u,TRUE,minNumSelected=1,like,0,0,0,0,0,0,-
s_34,sw02648,sw02648,1,-1,sw02648u,TRUE,minNumSelected=1,that,0,0,0,0,0,0,0
s_35,sw02657,sw02657,1,-1,sw02657u,TRUE,minNumSelected=1,um,0,0,0,0,0,0,-
s_35,sw02657,sw02657,1,-1,sw02657u,TRUE,minNumSelected=1,me,0,0,0,0,0,0,-
s_35,sw02657,sw02657,1,-1,sw02657u,TRUE,minNumSelected=1,either,0,0,0,0,0,0,-
s_35,sw02657,sw02657,1,-1,sw02657u,TRUE,minNumSelected=1,i,0,0,0,0,0,0,-
s_35,sw02657,sw02657,1,-1,sw02657u,TRUE,minNumSelected=1,i,0,0,0,0,0,0,0
s_35,sw02657,sw02657,1,-1,sw02657u,TRUE,minNumSelected=1,went,0,0,0,0,0,0,0
s_35,sw02657,sw02657,1,-1,sw02657u,TRUE,minNumSelected=1,to,0,0,0,0,0,0,-
s_35,sw02657,sw02657,1,-1,sw02657u,TRUE,minNumSelected=1,college,1,1,1,1,1,1,1
s_35,sw02657,sw02657,1,-1,sw02657u,TRUE,minNumSelected=1,and,0,0,0,0,0,0,-
s_35,sw02657,sw02657,1,-1,sw02657u,TRUE,minNumSelected=1,then,0,0,0,0,0,0,0
s_35,sw02657,sw02657,1,-1,sw02657u,TRUE,minNumSelected=1,started,0.4,1,0,0,1,0,0
s_35,sw02657,sw02657,1,-1,sw02657u,TRUE,minNumSelected=1,working,1,1,1,1,1,1,1
s_35,sw02657,sw02657,1,-1,sw02657u,TRUE,minNumSelected=1,and,0,0,0,0,0,0,-
s_35,sw02657,sw02657,1,-1,sw02657u,TRUE,minNumSelected=1,then,0,0,0,0,0,0,0
s_35,sw02657,sw02657,1,-1,sw02657u,TRUE,minNumSelected=1,got,0,0,0,0,0,0,0
s_35,sw02657,sw02657,1,-1,sw02657u,TRUE,minNumSelected=1,married,0.6,0,1,1,0,1,1
s_35,sw02657,sw02657,1,-1,sw02657u,TRUE,minNumSelected=1,and,0,0,0,0,0,0,-
s_36,sw02667,sw02667,1,-1,sw02667u,TRUE,minNumSelected=1,yeah,0,0,0,0,0,0,-
s_36,sw02667,sw02667,1,-1,sw02667u,TRUE,minNumSelected=1,well,0,0,0,0,0,0,-
s_36,sw02667,sw02667,1,-1,sw02667u,TRUE,minNumSelected=1,you,0.2,1,0,0,0,0,0
s_36,sw02667,sw02667,1,-1,sw02667u,TRUE,minNumSelected=1,can,0,0,0,0,0,0,0
s_36,sw02667,sw02667,1,-1,sw02667u,TRUE,minNumSelected=1,get,0.2,1,0,0,0,0,0
s_36,sw02667,sw02667,1,-1,sw02667u,TRUE,minNumSelected=1,a,0,0,0,0,0,0,-
s_36,sw02667,sw02667,1,-1,sw02667u,TRUE,minNumSelected=1,fitness,0.8,1,0,1,1,1,1
s_36,sw02667,sw02667,1,-1,sw02667u,TRUE,minNumSelected=1,membership,1,1,1,1,1,1,1
s_36,sw02667,sw02667,1,-1,sw02667u,TRUE,minNumSelected=1,that,0,0,0,0,0,0,0
s_36,sw02667,sw02667,1,-1,sw02667u,TRUE,minNumSelected=1,allows,0,0,0,0,0,0,0
s_36,sw02667,sw02667,1,-1,sw02667u,TRUE,minNumSelected=1,you,0,0,0,0,0,0,0
s_36,sw02667,sw02667,1,-1,sw02667u,TRUE,minNumSelected=1,to,0,0,0,0,0,0,-
s_36,sw02667,sw02667,1,-1,sw02667u,TRUE,minNumSelected=1,use,0,0,0,0,0,0,0
s_36,sw02667,sw02667,1,-1,sw02667u,TRUE,minNumSelected=1,the,0,0,0,0,0,0,-
s_36,sw02667,sw02667,1,-1,sw02667u,TRUE,minNumSelected=1,facilities,0.6,0,1,1,0,1,0
s_36,sw02667,sw02667,1,-1,sw02667u,TRUE,minNumSelected=1,and,0,0,0,0,0,0,-
s_36,sw02667,sw02667,1,-1,sw02667u,TRUE,minNumSelected=1,it's,0,0,0,0,0,0,0
s_36,sw02667,sw02667,1,-1,sw02667u,TRUE,minNumSelected=1,about,0,0,0,0,0,0,0
s_36,sw02667,sw02667,1,-1,sw02667u,TRUE,minNumSelected=1,eight,0.6,1,0,1,1,0,1
s_36,sw02667,sw02667,1,-1,sw02667u,TRUE,minNumSelected=1,dollars,0.8,1,1,1,1,0,0
s_36,sw02667,sw02667,1,-1,sw02667u,TRUE,minNumSelected=1,a,0,0,0,0,0,0,-
s_36,sw02667,sw02667,1,-1,sw02667u,TRUE,minNumSelected=1,month,0.2,1,0,0,0,0,0
s_37,sw02672,sw02672,1,-1,sw02672u,TRUE,minNumSelected=1,right,0,0,0,0,0,0,-
s_37,sw02672,sw02672,1,-1,sw02672u,TRUE,minNumSelected=1,now,0,0,0,0,0,0,0
s_37,sw02672,sw02672,1,-1,sw02672u,TRUE,minNumSelected=1,they've,0,0,0,0,0,0,0
s_37,sw02672,sw02672,1,-1,sw02672u,TRUE,minNumSelected=1,got,0,0,0,0,0,0,0
s_37,sw02672,sw02672,1,-1,sw02672u,TRUE,minNumSelected=1,a,0,0,0,0,0,0,0
s_37,sw02672,sw02672,1,-1,sw02672u,TRUE,minNumSelected=1,kind,0,0,0,0,0,0,0
s_37,sw02672,sw02672,1,-1,sw02672u,TRUE,minNumSelected=1,of,0,0,0,0,0,0,0
s_37,sw02672,sw02672,1,-1,sw02672u,TRUE,minNumSelected=1,a,0,0,0,0,0,0,-
s_37,sw02672,sw02672,1,-1,sw02672u,TRUE,minNumSelected=1,central,0.8,1,0,1,1,1,1
s_37,sw02672,sw02672,1,-1,sw02672u,TRUE,minNumSelected=1,location,1,1,1,1,1,1,1
s_37,sw02672,sw02672,1,-1,sw02672u,TRUE,minNumSelected=1,off,0.2,1,0,0,0,0,-
s_37,sw02672,sw02672,1,-1,sw02672u,TRUE,minNumSelected=1,of,0,0,0,0,0,0,-
s_37,sw02672,sw02672,1,-1,sw02672u,TRUE,minNumSelected=1,the,0,0,0,0,0,0,-
s_37,sw02672,sw02672,1,-1,sw02672u,TRUE,minNumSelected=1,main,0.4,1,1,0,0,0,0
s_37,sw02672,sw02672,1,-1,sw02672u,TRUE,minNumSelected=1,highway,0.6,1,1,1,0,0,0
s_38,sw02703,sw02703,1,-1,sw02703u,TRUE,minNumSelected=1,uh,0,0,0,0,0,0,-
s_38,sw02703,sw02703,1,-1,sw02703u,TRUE,minNumSelected=1,actually,0,0,0,0,0,0,-
s_38,sw02703,sw02703,1,-1,sw02703u,TRUE,minNumSelected=1,i'm,0,0,0,0,0,0,0
s_38,sw02703,sw02703,1,-1,sw02703u,TRUE,minNumSelected=1,a,0,0,0,0,0,0,-
s_38,sw02703,sw02703,1,-1,sw02703u,TRUE,minNumSelected=1,Red,1,1,1,1,1,1,1
s_38,sw02703,sw02703,1,-1,sw02703u,TRUE,minNumSelected=1,Sox,1,1,1,1,1,1,1
s_38,sw02703,sw02703,1,-1,sw02703u,TRUE,minNumSelected=1,fan,0.8,1,1,1,1,0,1
s_38,sw02703,sw02703,1,-1,sw02703u,TRUE,minNumSelected=1,more,0,0,0,0,0,0,0
s_38,sw02703,sw02703,1,-1,sw02703u,TRUE,minNumSelected=1,than,0,0,0,0,0,0,-
s_38,sw02703,sw02703,1,-1,sw02703u,TRUE,minNumSelected=1,anything,0,0,0,0,0,0,0
s_39,sw02708,sw02708,1,-1,sw02708u,TRUE,minNumSelected=1,surprisingly,0,0,0,0,0,0,-
s_39,sw02708,sw02708,1,-1,sw02708u,TRUE,minNumSelected=1,no,0.2,0,1,0,0,0,-
s_39,sw02708,sw02708,1,-1,sw02708u,TRUE,minNumSelected=1,i,0,0,0,0,0,0,-
s_39,sw02708,sw02708,1,-1,sw02708u,TRUE,minNumSelected=1,would,0,0,0,0,0,0,-
s_39,sw02708,sw02708,1,-1,sw02708u,TRUE,minNumSelected=1,i,0,0,0,0,0,0,0
s_39,sw02708,sw02708,1,-1,sw02708u,TRUE,minNumSelected=1,would,0,0,0,0,0,0,0
s_39,sw02708,sw02708,1,-1,sw02708u,TRUE,minNumSelected=1,cut,0.6,1,1,0,1,0,0
s_39,sw02708,sw02708,1,-1,sw02708u,TRUE,minNumSelected=1,the,0,0,0,0,0,0,-
s_39,sw02708,sw02708,1,-1,sw02708u,TRUE,minNumSelected=1,prison,1,1,1,1,1,1,1
s_39,sw02708,sw02708,1,-1,sw02708u,TRUE,minNumSelected=1,systems,0.8,1,1,0,1,1,1
s_39,sw02708,sw02708,1,-1,sw02708u,TRUE,minNumSelected=1,and,0,0,0,0,0,0,-
s_39,sw02708,sw02708,1,-1,sw02708u,TRUE,minNumSelected=1,let,0,0,0,0,0,0,0
s_39,sw02708,sw02708,1,-1,sw02708u,TRUE,minNumSelected=1,them,0,0,0,0,0,0,0
s_39,sw02708,sw02708,1,-1,sw02708u,TRUE,minNumSelected=1,self-support,0.4,0,0,1,1,0,1
s_40,sw02710,sw02710,1,-1,sw02710u,TRUE,minNumSelected=1,you,0,0,0,0,0,0,0
s_40,sw02710,sw02710,1,-1,sw02710u,TRUE,minNumSelected=1,can,0,0,0,0,0,0,0
s_40,sw02710,sw02710,1,-1,sw02710u,TRUE,minNumSelected=1,go,0,0,0,0,0,0,0
s_40,sw02710,sw02710,1,-1,sw02710u,TRUE,minNumSelected=1,in,0,0,0,0,0,0,-
s_40,sw02710,sw02710,1,-1,sw02710u,TRUE,minNumSelected=1,a,0,0,0,0,0,0,-
s_40,sw02710,sw02710,1,-1,sw02710u,TRUE,minNumSelected=1,bank,0.8,0,1,1,1,1,0
s_40,sw02710,sw02710,1,-1,sw02710u,TRUE,minNumSelected=1,and,0,0,0,0,0,0,-
s_40,sw02710,sw02710,1,-1,sw02710u,TRUE,minNumSelected=1,just,0,0,0,0,0,0,0
s_40,sw02710,sw02710,1,-1,sw02710u,TRUE,minNumSelected=1,hand,0,0,0,0,0,0,1
s_40,sw02710,sw02710,1,-1,sw02710u,TRUE,minNumSelected=1,them,0,0,0,0,0,0,0
s_40,sw02710,sw02710,1,-1,sw02710u,TRUE,minNumSelected=1,the,0,0,0,0,0,0,-
s_40,sw02710,sw02710,1,-1,sw02710u,TRUE,minNumSelected=1,Visa,0.6,0,1,1,0,1,0
s_40,sw02710,sw02710,1,-1,sw02710u,TRUE,minNumSelected=1,Card,0.4,0,1,0,0,1,0
s_40,sw02710,sw02710,1,-1,sw02710u,TRUE,minNumSelected=1,and,0,0,0,0,0,0,-
s_40,sw02710,sw02710,1,-1,sw02710u,TRUE,minNumSelected=1,say,0,0,0,0,0,0,0
s_40,sw02710,sw02710,1,-1,sw02710u,TRUE,minNumSelected=1,i,0,0,0,0,0,0,0
s_40,sw02710,sw02710,1,-1,sw02710u,TRUE,minNumSelected=1,want,0,0,0,0,0,0,0
s_40,sw02710,sw02710,1,-1,sw02710u,TRUE,minNumSelected=1,a,0,0,0,0,0,0,-
s_40,sw02710,sw02710,1,-1,sw02710u,TRUE,minNumSelected=1,cash,0.8,1,1,1,1,0,1
s_40,sw02710,sw02710,1,-1,sw02710u,TRUE,minNumSelected=1,advance,0.8,1,1,1,1,0,1
s_41,sw02729,sw02729,1,-1,sw02729u,TRUE,minNumSelected=1,um,0,0,0,0,0,0,-
s_41,sw02729,sw02729,1,-1,sw02729u,TRUE,minNumSelected=1,see,0,0,0,0,0,0,-
s_41,sw02729,sw02729,1,-1,sw02729u,TRUE,minNumSelected=1,he,0.2,0,1,0,0,0,-
s_41,sw02729,sw02729,1,-1,sw02729u,TRUE,minNumSelected=1,it,0,0,0,0,0,0,-
s_41,sw02729,sw02729,1,-1,sw02729u,TRUE,minNumSelected=1,it,0,0,0,0,0,0,0
s_41,sw02729,sw02729,1,-1,sw02729u,TRUE,minNumSelected=1,was,0,0,0,0,0,0,0
s_41,sw02729,sw02729,1,-1,sw02729u,TRUE,minNumSelected=1,just,0,0,0,0,0,0,0
s_41,sw02729,sw02729,1,-1,sw02729u,TRUE,minNumSelected=1,over,0.2,0,1,0,0,0,-
s_41,sw02729,sw02729,1,-1,sw02729u,TRUE,minNumSelected=1,a,0,0,0,0,0,0,-
s_41,sw02729,sw02729,1,-1,sw02729u,TRUE,minNumSelected=1,year,0.6,0,1,1,0,1,1
s_41,sw02729,sw02729,1,-1,sw02729u,TRUE,minNumSelected=1,uh,0,0,0,0,0,0,-
s_41,sw02729,sw02729,1,-1,sw02729u,TRUE,minNumSelected=1,it,0,0,0,0,0,0,0
s_41,sw02729,sw02729,1,-1,sw02729u,TRUE,minNumSelected=1,was,0,0,0,0,0,0,0
s_41,sw02729,sw02729,1,-1,sw02729u,TRUE,minNumSelected=1,in,0,0,0,0,0,0,-
s_41,sw02729,sw02729,1,-1,sw02729u,TRUE,minNumSelected=1,March,1,1,1,1,1,1,0
s_41,sw02729,sw02729,1,-1,sw02729u,TRUE,minNumSelected=1,of,0,0,0,0,0,0,-
s_41,sw02729,sw02729,1,-1,sw02729u,TRUE,minNumSelected=1,last,0.6,1,1,0,1,0,1
s_41,sw02729,sw02729,1,-1,sw02729u,TRUE,minNumSelected=1,year,0.6,1,1,0,1,0,1
s_42,sw02734,sw02734,1,-1,sw02734u,TRUE,minNumSelected=1,oh,0,0,0,0,0,0,-
s_42,sw02734,sw02734,1,-1,sw02734u,TRUE,minNumSelected=1,yes,0.2,1,0,0,0,0,-
s_42,sw02734,sw02734,1,-1,sw02734u,TRUE,minNumSelected=1,yeah,0.2,0,1,0,0,0,-
s_42,sw02734,sw02734,1,-1,sw02734u,TRUE,minNumSelected=1,they,0,0,0,0,0,0,0
s_42,sw02734,sw02734,1,-1,sw02734u,TRUE,minNumSelected=1,just,0,0,0,0,0,0,0
s_42,sw02734,sw02734,1,-1,sw02734u,TRUE,minNumSelected=1,uh,0,0,0,0,0,0,-
s_42,sw02734,sw02734,1,-1,sw02734u,TRUE,minNumSelected=1,started,0.6,1,1,0,1,0,1
s_42,sw02734,sw02734,1,-1,sw02734u,TRUE,minNumSelected=1,it,0,0,0,0,0,0,0
s_42,sw02734,sw02734,1,-1,sw02734u,TRUE,minNumSelected=1,again,0.4,1,1,0,0,0,0
s_42,sw02734,sw02734,1,-1,sw02734u,TRUE,minNumSelected=1,too,0,0,0,0,0,0,0
s_42,sw02734,sw02734,1,-1,sw02734u,TRUE,minNumSelected=1,just,0,0,0,0,0,0,0
s_42,sw02734,sw02734,1,-1,sw02734u,TRUE,minNumSelected=1,late,0.2,0,0,1,0,0,1
s_42,sw02734,sw02734,1,-1,sw02734u,TRUE,minNumSelected=1,or,0,0,0,0,0,0,-
s_42,sw02734,sw02734,1,-1,sw02734u,TRUE,minNumSelected=1,within,0.2,1,0,0,0,0,-
s_42,sw02734,sw02734,1,-1,sw02734u,TRUE,minNumSelected=1,the,0,0,0,0,0,0,-
s_42,sw02734,sw02734,1,-1,sw02734u,TRUE,minNumSelected=1,past,0.6,0,0,1,1,1,1
s_42,sw02734,sw02734,1,-1,sw02734u,TRUE,minNumSelected=1,few,0.6,1,0,0,1,1,1
s_42,sw02734,sw02734,1,-1,sw02734u,TRUE,minNumSelected=1,years,1,1,1,1,1,1,1
s_43,sw02756,sw02756,1,-1,sw02756u,TRUE,minNumSelected=1,well,0,0,0,0,0,0,-
s_43,sw02756,sw02756,1,-1,sw02756u,TRUE,minNumSelected=1,we,0,0,0,0,0,0,0
s_43,sw02756,sw02756,1,-1,sw02756u,TRUE,minNumSelected=1,go,0.2,0,1,0,0,0,0
s_43,sw02756,sw02756,1,-1,sw02756u,TRUE,minNumSelected=1,to,0,0,0,0,0,0,-
s_43,sw02756,sw02756,1,-1,sw02756u,TRUE,minNumSelected=1,Maine,1,1,1,1,1,1,1
s_43,sw02756,sw02756,1,-1,sw02756u,TRUE,minNumSelected=1,every,0.2,1,0,0,0,0,-
s_43,sw02756,sw02756,1,-1,sw02756u,TRUE,minNumSelected=1,Fall,0.6,1,1,1,0,0,1
s_44,sw02790,sw02790,1,-1,sw02790u,TRUE,minNumSelected=1,i,0,0,0,0,0,0,-
s_44,sw02790,sw02790,1,-1,sw02790u,TRUE,minNumSelected=1,guess,0.2,0,1,0,0,0,-
s_44,sw02790,sw02790,1,-1,sw02790u,TRUE,minNumSelected=1,the,0,0,0,0,0,0,-
s_44,sw02790,sw02790,1,-1,sw02790u,TRUE,minNumSelected=1,biggest,0.2,0,1,0,0,0,1
s_44,sw02790,sw02790,1,-1,sw02790u,TRUE,minNumSelected=1,one,0,0,0,0,0,0,0
s_44,sw02790,sw02790,1,-1,sw02790u,TRUE,minNumSelected=1,is,0,0,0,0,0,0,0
s_44,sw02790,sw02790,1,-1,sw02790u,TRUE,minNumSelected=1,number,0.2,0,0,0,1,0,0
s_44,sw02790,sw02790,1,-1,sw02790u,TRUE,minNumSelected=1,of,0.2,0,0,0,1,0,-
s_44,sw02790,sw02790,1,-1,sw02790u,TRUE,minNumSelected=1,women,1,1,1,1,1,1,1
s_44,sw02790,sw02790,1,-1,sw02790u,TRUE,minNumSelected=1,in,0.2,1,0,0,0,0,-
s_44,sw02790,sw02790,1,-1,sw02790u,TRUE,minNumSelected=1,the,0,0,0,0,0,0,-
s_44,sw02790,sw02790,1,-1,sw02790u,TRUE,minNumSelected=1,work,1,1,1,1,1,1,1
s_44,sw02790,sw02790,1,-1,sw02790u,TRUE,minNumSelected=1,force,1,1,1,1,1,1,0
s_45,sw02832,sw02832,1,-1,sw02832u,TRUE,minNumSelected=1,oh,0,0,0,0,0,0,-
s_45,sw02832,sw02832,1,-1,sw02832u,TRUE,minNumSelected=1,i,0,0,0,0,0,0,-
s_45,sw02832,sw02832,1,-1,sw02832u,TRUE,minNumSelected=1,wouldn't,0.2,1,0,0,0,0,-
s_45,sw02832,sw02832,1,-1,sw02832u,TRUE,minNumSelected=1,know,0.4,1,1,0,0,0,-
s_45,sw02832,sw02832,1,-1,sw02832u,TRUE,minNumSelected=1,i,0,0,0,0,0,0,-
s_45,sw02832,sw02832,1,-1,sw02832u,TRUE,minNumSelected=1,measured,1,1,1,1,1,1,-
s_45,sw02832,sw02832,1,-1,sw02832u,TRUE,minNumSelected=1,it,0,0,0,0,0,0,-
s_45,sw02832,sw02832,1,-1,sw02832u,TRUE,minNumSelected=1,one,0.2,1,0,0,0,0,-
s_45,sw02832,sw02832,1,-1,sw02832u,TRUE,minNumSelected=1,time,0.4,1,0,1,0,0,-
s_46,sw02866,sw02866,1,-1,sw02866u,TRUE,minNumSelected=1,uh,0,0,0,0,0,0,-
s_46,sw02866,sw02866,1,-1,sw02866u,TRUE,minNumSelected=1,most,0,0,0,0,0,0,0
s_46,sw02866,sw02866,1,-1,sw02866u,TRUE,minNumSelected=1,of,0,0,0,0,0,0,-
s_46,sw02866,sw02866,1,-1,sw02866u,TRUE,minNumSelected=1,it,0,0,0,0,0,0,0
s_46,sw02866,sw02866,1,-1,sw02866u,TRUE,minNumSelected=1,is,0,0,0,0,0,0,0
s_46,sw02866,sw02866,1,-1,sw02866u,TRUE,minNumSelected=1,from,0,0,0,0,0,0,-
s_46,sw02866,sw02866,1,-1,sw02866u,TRUE,minNumSelected=1,the,0,0,0,0,0,0,-
s_46,sw02866,sw02866,1,-1,sw02866u,TRUE,minNumSelected=1,radio,1,1,1,1,1,1,1
s_46,sw02866,sw02866,1,-1,sw02866u,TRUE,minNumSelected=1,uh,0,0,0,0,0,0,-
s_46,sw02866,sw02866,1,-1,sw02866u,TRUE,minNumSelected=1,and,0,0,0,0,0,0,-
s_46,sw02866,sw02866,1,-1,sw02866u,TRUE,minNumSelected=1,also,0,0,0,0,0,0,0
s_46,sw02866,sw02866,1,-1,sw02866u,TRUE,minNumSelected=1,from,0,0,0,0,0,0,-
s_46,sw02866,sw02866,1,-1,sw02866u,TRUE,minNumSelected=1,the,0,0,0,0,0,0,-
s_46,sw02866,sw02866,1,-1,sw02866u,TRUE,minNumSelected=1,news,0.8,1,0,1,1,1,1
s_46,sw02866,sw02866,1,-1,sw02866u,TRUE,minNumSelected=1,programs,0.8,1,1,0,1,1,1
s_46,sw02866,sw02866,1,-1,sw02866u,TRUE,minNumSelected=1,that,0,0,0,0,0,0,0
s_46,sw02866,sw02866,1,-1,sw02866u,TRUE,minNumSelected=1,we,0,0,0,0,0,0,0
s_46,sw02866,sw02866,1,-1,sw02866u,TRUE,minNumSelected=1,watch,0.6,1,1,0,1,0,0
s_46,sw02866,sw02866,1,-1,sw02866u,TRUE,minNumSelected=1,in,0,0,0,0,0,0,-
s_46,sw02866,sw02866,1,-1,sw02866u,TRUE,minNumSelected=1,the,0,0,0,0,0,0,-
s_46,sw02866,sw02866,1,-1,sw02866u,TRUE,minNumSelected=1,afternoon,0.6,0,1,1,1,0,1
s_47,sw02870,sw02870,1,-1,sw02870u,TRUE,minNumSelected=1,yeah,0.2,0,0,0,1,0,-
s_47,sw02870,sw02870,1,-1,sw02870u,TRUE,minNumSelected=1,i,0,0,0,0,0,0,-
s_47,sw02870,sw02870,1,-1,sw02870u,TRUE,minNumSelected=1,do,0,0,0,0,0,0,-
s_47,sw02870,sw02870,1,-1,sw02870u,TRUE,minNumSelected=1,i,0,0,0,0,0,0,0
s_47,sw02870,sw02870,1,-1,sw02870u,TRUE,minNumSelected=1,try,0.2,0,1,0,0,0,0
s_47,sw02870,sw02870,1,-1,sw02870u,TRUE,minNumSelected=1,and,0,0,0,0,0,0,-
s_47,sw02870,sw02870,1,-1,sw02870u,TRUE,minNumSelected=1,vote,1,1,1,1,1,1,0
s_47,sw02870,sw02870,1,-1,sw02870u,TRUE,minNumSelected=1,in,0,0,0,0,0,0,-
s_47,sw02870,sw02870,1,-1,sw02870u,TRUE,minNumSelected=1,every,0.8,1,1,1,1,0,-
s_47,sw02870,sw02870,1,-1,sw02870u,TRUE,minNumSelected=1,single,0.4,1,0,0,1,0,1
s_47,sw02870,sw02870,1,-1,sw02870u,TRUE,minNumSelected=1,election,1,1,1,1,1,1,1
s_48,sw03049,sw03049,1,-1,sw03049u,TRUE,minNumSelected=1,oh,0,0,0,0,0,0,-
s_48,sw03049,sw03049,1,-1,sw03049u,TRUE,minNumSelected=1,i,0,0,0,0,0,0,-
s_48,sw03049,sw03049,1,-1,sw03049u,TRUE,minNumSelected=1,gue-,0,0,0,0,0,0,-
s_48,sw03049,sw03049,1,-1,sw03049u,TRUE,minNumSelected=1,i,0,0,0,0,0,0,0
s_48,sw03049,sw03049,1,-1,sw03049u,TRUE,minNumSelected=1,think,0,0,0,0,0,0,0
s_48,sw03049,sw03049,1,-1,sw03049u,TRUE,minNumSelected=1,we,0,0,0,0,0,0,0
s_48,sw03049,sw03049,1,-1,sw03049u,TRUE,minNumSelected=1,rented,0.2,1,0,0,0,0,0
s_48,sw03049,sw03049,1,-1,sw03049u,TRUE,minNumSelected=1,Pretty,1,1,1,1,1,1,1
s_48,sw03049,sw03049,1,-1,sw03049u,TRUE,minNumSelected=1,Woman,1,1,1,1,1,1,1
s_48,sw03049,sw03049,1,-1,sw03049u,TRUE,minNumSelected=1,a,0,0,0,0,0,0,-
s_48,sw03049,sw03049,1,-1,sw03049u,TRUE,minNumSelected=1,couple,0,0,0,0,0,0,0
s_48,sw03049,sw03049,1,-1,sw03049u,TRUE,minNumSelected=1,weeks,0.4,0,1,1,0,0,1
s_48,sw03049,sw03049,1,-1,sw03049u,TRUE,minNumSelected=1,months,0.4,0,1,1,0,0,1
s_48,sw03049,sw03049,1,-1,sw03049u,TRUE,minNumSelected=1,ago,0,0,0,0,0,0,0
s_49,sw03096,sw03096,1,-1,sw03096u,TRUE,minNumSelected=1,i,0,0,0,0,0,0,-
s_49,sw03096,sw03096,1,-1,sw03096u,TRUE,minNumSelected=1,am,0,0,0,0,0,0,-
s_49,sw03096,sw03096,1,-1,sw03096u,TRUE,minNumSelected=1,a,0,0,0,0,0,0,-
s_49,sw03096,sw03096,1,-1,sw03096u,TRUE,minNumSelected=1,drafter,1,1,1,1,1,1,-
s_49,sw03096,sw03096,1,-1,sw03096u,TRUE,minNumSelected=1,i,0,0,0,0,0,0,0
s_49,sw03096,sw03096,1,-1,sw03096u,TRUE,minNumSelected=1,am,0,0,0,0,0,0,0
s_49,sw03096,sw03096,1,-1,sw03096u,TRUE,minNumSelected=1,in,0,0,0,0,0,0,-
s_49,sw03096,sw03096,1,-1,sw03096u,TRUE,minNumSelected=1,a,0,0,0,0,0,0,-
s_49,sw03096,sw03096,1,-1,sw03096u,TRUE,minNumSelected=1,man's,0.4,0,1,1,0,0,1
s_49,sw03096,sw03096,1,-1,sw03096u,TRUE,minNumSelected=1,job,0,0,0,0,0,0,0
s_49,sw03096,sw03096,1,-1,sw03096u,TRUE,minNumSelected=1,but,0,0,0,0,0,0,-
s_49,sw03096,sw03096,1,-1,sw03096u,TRUE,minNumSelected=1,we,0,0,0,0,0,0,0
s_49,sw03096,sw03096,1,-1,sw03096u,TRUE,minNumSelected=1,have,0,0,0,0,0,0,0
s_49,sw03096,sw03096,1,-1,sw03096u,TRUE,minNumSelected=1,got,0,0,0,0,0,0,0
s_49,sw03096,sw03096,1,-1,sw03096u,TRUE,minNumSelected=1,more,0,0,0,0,0,0,0
s_49,sw03096,sw03096,1,-1,sw03096u,TRUE,minNumSelected=1,women,0.4,0,1,1,0,0,1
s_49,sw03096,sw03096,1,-1,sw03096u,TRUE,minNumSelected=1,in,0,0,0,0,0,0,-
s_49,sw03096,sw03096,1,-1,sw03096u,TRUE,minNumSelected=1,it,0,0,0,0,0,0,0
s_49,sw03096,sw03096,1,-1,sw03096u,TRUE,minNumSelected=1,now,0,0,0,0,0,0,1
s_50,sw03111,sw03111,1,-1,sw03111u,TRUE,minNumSelected=1,well,0,0,0,0,0,0,-
s_50,sw03111,sw03111,1,-1,sw03111u,TRUE,minNumSelected=1,it,0,0,0,0,0,0,0
s_50,sw03111,sw03111,1,-1,sw03111u,TRUE,minNumSelected=1,depends,0.4,1,0,0,1,0,1
s_50,sw03111,sw03111,1,-1,sw03111u,TRUE,minNumSelected=1,where,0.2,0,0,0,1,0,0
s_50,sw03111,sw03111,1,-1,sw03111u,TRUE,minNumSelected=1,in,0.2,1,0,0,0,0,-
s_50,sw03111,sw03111,1,-1,sw03111u,TRUE,minNumSelected=1,Dallas,0.8,1,1,1,0,1,1
s_50,sw03111,sw03111,1,-1,sw03111u,TRUE,minNumSelected=1,you,0,0,0,0,0,0,0
s_50,sw03111,sw03111,1,-1,sw03111u,TRUE,minNumSelected=1,are,0,0,0,0,0,0,0
s_50,sw03111,sw03111,1,-1,sw03111u,TRUE,minNumSelected=1,there,0,0,0,0,0,0,0
s_50,sw03111,sw03111,1,-1,sw03111u,TRUE,minNumSelected=1,are,0,0,0,0,0,0,0
s_50,sw03111,sw03111,1,-1,sw03111u,TRUE,minNumSelected=1,certainly,0,0,0,0,0,0,1
s_50,sw03111,sw03111,1,-1,sw03111u,TRUE,minNumSelected=1,parts,0.2,0,1,0,0,0,1
s_50,sw03111,sw03111,1,-1,sw03111u,TRUE,minNumSelected=1,of,0,0,0,0,0,0,-
s_50,sw03111,sw03111,1,-1,sw03111u,TRUE,minNumSelected=1,town,0.2,0,1,0,0,0,1
s_50,sw03111,sw03111,1,-1,sw03111u,TRUE,minNumSelected=1,i,0,0,0,0,0,0,1
s_50,sw03111,sw03111,1,-1,sw03111u,TRUE,minNumSelected=1,would,0,0,0,0,0,0,0
s_50,sw03111,sw03111,1,-1,sw03111u,TRUE,minNumSelected=1,not,0.4,0,0,1,0,1,0
s_50,sw03111,sw03111,1,-1,sw03111u,TRUE,minNumSelected=1,want,0.2,0,0,1,0,0,1
s_50,sw03111,sw03111,1,-1,sw03111u,TRUE,minNumSelected=1,to,0,0,0,0,0,0,-
s_50,sw03111,sw03111,1,-1,sw03111u,TRUE,minNumSelected=1,live,0.4,0,1,1,0,0,1
s_50,sw03111,sw03111,1,-1,sw03111u,TRUE,minNumSelected=1,in,0,0,0,0,0,0,-
s_51,sw03140,sw03140,1,-1,sw03140u,TRUE,minNumSelected=1,yes,0.2,0,0,0,1,0,-
s_51,sw03140,sw03140,1,-1,sw03140u,TRUE,minNumSelected=1,yes,0.4,1,1,0,0,0,-
s_51,sw03140,sw03140,1,-1,sw03140u,TRUE,minNumSelected=1,and,0,0,0,0,0,0,-
s_51,sw03140,sw03140,1,-1,sw03140u,TRUE,minNumSelected=1,i,0,0,0,0,0,0,0
s_51,sw03140,sw03140,1,-1,sw03140u,TRUE,minNumSelected=1,think,0,0,0,0,0,0,0
s_51,sw03140,sw03140,1,-1,sw03140u,TRUE,minNumSelected=1,uh,0,0,0,0,0,0,-
s_51,sw03140,sw03140,1,-1,sw03140u,TRUE,minNumSelected=1,it's,0,0,0,0,0,0,0
s_51,sw03140,sw03140,1,-1,sw03140u,TRUE,minNumSelected=1,becoming,0.4,0,1,1,0,0,1
s_51,sw03140,sw03140,1,-1,sw03140u,TRUE,minNumSelected=1,uh,0,0,0,0,0,0,-
s_51,sw03140,sw03140,1,-1,sw03140u,TRUE,minNumSelected=1,more,0.2,1,0,0,0,0,0
s_51,sw03140,sw03140,1,-1,sw03140u,TRUE,minNumSelected=1,popular,0.8,1,1,1,0,1,1
s_51,sw03140,sw03140,1,-1,sw03140u,TRUE,minNumSelected=1,then,0,0,0,0,0,0,0
s_51,sw03140,sw03140,1,-1,sw03140u,TRUE,minNumSelected=1,it,0,0,0,0,0,0,0
s_51,sw03140,sw03140,1,-1,sw03140u,TRUE,minNumSelected=1,has,0,0,0,0,0,0,1
s_51,sw03140,sw03140,1,-1,sw03140u,TRUE,minNumSelected=1,been,0,0,0,0,0,0,0
s_51,sw03140,sw03140,1,-1,sw03140u,TRUE,minNumSelected=1,for,0,0,0,0,0,0,-
s_51,sw03140,sw03140,1,-1,sw03140u,TRUE,minNumSelected=1,a,0,0,0,0,0,0,-
s_51,sw03140,sw03140,1,-1,sw03140u,TRUE,minNumSelected=1,while,0.2,0,0,1,0,0,0
s_51,sw03140,sw03140,1,-1,sw03140u,TRUE,minNumSelected=1,i,0,0,0,0,0,0,0
s_51,sw03140,sw03140,1,-1,sw03140u,TRUE,minNumSelected=1,think,0,0,0,0,0,0,0
s_52,sw03150,sw03150,1,-1,sw03150u,TRUE,minNumSelected=1,well,0,0,0,0,0,0,-
s_52,sw03150,sw03150,1,-1,sw03150u,TRUE,minNumSelected=1,it's,0,0,0,0,0,0,-
s_52,sw03150,sw03150,1,-1,sw03150u,TRUE,minNumSelected=1,i,0,0,0,0,0,0,0
s_52,sw03150,sw03150,1,-1,sw03150u,TRUE,minNumSelected=1,am,0.2,0,1,0,0,0,0
s_52,sw03150,sw03150,1,-1,sw03150u,TRUE,minNumSelected=1,pretty,0,0,0,0,0,0,0
s_52,sw03150,sw03150,1,-1,sw03150u,TRUE,minNumSelected=1,much,0,0,0,0,0,0,1
s_52,sw03150,sw03150,1,-1,sw03150u,TRUE,minNumSelected=1,against,1,1,1,1,1,1,-
s_52,sw03150,sw03150,1,-1,sw03150u,TRUE,minNumSelected=1,it,0.4,1,0,0,1,0,0
s_53,sw03283,sw03283,1,-1,sw03283u,TRUE,minNumSelected=1,i,0,0,0,0,0,0,0
s_53,sw03283,sw03283,1,-1,sw03283u,TRUE,minNumSelected=1,am,0,0,0,0,0,0,0
s_53,sw03283,sw03283,1,-1,sw03283u,TRUE,minNumSelected=1,very,0.2,0,0,0,1,0,0
s_53,sw03283,sw03283,1,-1,sw03283u,TRUE,minNumSelected=1,much,0.2,0,0,0,1,0,0
s_53,sw03283,sw03283,1,-1,sw03283u,TRUE,minNumSelected=1,for,0.8,1,1,0,1,1,-
s_53,sw03283,sw03283,1,-1,sw03283u,TRUE,minNumSelected=1,capital,0.8,1,1,1,0,1,0
s_53,sw03283,sw03283,1,-1,sw03283u,TRUE,minNumSelected=1,punishment,0.8,1,1,1,0,1,0
s_54,sw03503,sw03503,1,-1,sw03503u,TRUE,minNumSelected=1,well,0,0,0,0,0,0,-
s_54,sw03503,sw03503,1,-1,sw03503u,TRUE,minNumSelected=1,i,0,0,0,0,0,0,-
s_54,sw03503,sw03503,1,-1,sw03503u,TRUE,minNumSelected=1,wa-,0,0,0,0,0,0,-
s_54,sw03503,sw03503,1,-1,sw03503u,TRUE,minNumSelected=1,i,0,0,0,0,0,0,0
s_54,sw03503,sw03503,1,-1,sw03503u,TRUE,minNumSelected=1,just,0,0,0,0,0,0,0
s_54,sw03503,sw03503,1,-1,sw03503u,TRUE,minNumSelected=1,last,0,0,0,0,0,0,1
s_54,sw03503,sw03503,1,-1,sw03503u,TRUE,minNumSelected=1,Friday,0.2,0,1,0,0,0,1
s_54,sw03503,sw03503,1,-1,sw03503u,TRUE,minNumSelected=1,got,0.4,1,0,1,0,0,0
s_54,sw03503,sw03503,1,-1,sw03503u,TRUE,minNumSelected=1,off,0.4,1,0,1,0,0,-
s_54,sw03503,sw03503,1,-1,sw03503u,TRUE,minNumSelected=1,a,0,0,0,0,0,0,-
s_54,sw03503,sw03503,1,-1,sw03503u,TRUE,minNumSelected=1,capital,0.8,1,1,0,1,1,1
s_54,sw03503,sw03503,1,-1,sw03503u,TRUE,minNumSelected=1,murder,1,1,1,1,1,1,1
s_54,sw03503,sw03503,1,-1,sw03503u,TRUE,minNumSelected=1,case,0.6,1,0,1,1,0,1
s_55,sw03515,sw03515,1,-1,sw03515u,TRUE,minNumSelected=1,uh,0,0,0,0,0,0,-
s_55,sw03515,sw03515,1,-1,sw03515u,TRUE,minNumSelected=1,no,0.2,0,0,0,1,0,-
s_55,sw03515,sw03515,1,-1,sw03515u,TRUE,minNumSelected=1,you,0,0,0,0,0,0,1
s_55,sw03515,sw03515,1,-1,sw03515u,TRUE,minNumSelected=1,probably,0,0,0,0,0,0,1
s_55,sw03515,sw03515,1,-1,sw03515u,TRUE,minNumSelected=1,get,0.2,1,0,0,0,0,0
s_55,sw03515,sw03515,1,-1,sw03515u,TRUE,minNumSelected=1,charged,0.6,1,1,0,0,1,1
s_55,sw03515,sw03515,1,-1,sw03515u,TRUE,minNumSelected=1,like,0,0,0,0,0,0,-
s_55,sw03515,sw03515,1,-1,sw03515u,TRUE,minNumSelected=1,a,0,0,0,0,0,0,-
s_55,sw03515,sw03515,1,-1,sw03515u,TRUE,minNumSelected=1,nickel,0.8,1,1,1,0,1,1
s_55,sw03515,sw03515,1,-1,sw03515u,TRUE,minNumSelected=1,or,0,0,0,0,0,0,-
s_55,sw03515,sw03515,1,-1,sw03515u,TRUE,minNumSelected=1,something,0,0,0,0,0,0,1
s_55,sw03515,sw03515,1,-1,sw03515u,TRUE,minNumSelected=1,like,0,0,0,0,0,0,-
s_55,sw03515,sw03515,1,-1,sw03515u,TRUE,minNumSelected=1,that,0,0,0,0,0,0,1
s_56,sw03639,sw03639,1,-1,sw03639u,TRUE,minNumSelected=1,i,0,0,0,0,0,0,0
s_56,sw03639,sw03639,1,-1,sw03639u,TRUE,minNumSelected=1,got,0,0,0,0,0,0,0
s_56,sw03639,sw03639,1,-1,sw03639u,TRUE,minNumSelected=1,a,0,0,0,0,0,0,-
s_56,sw03639,sw03639,1,-1,sw03639u,TRUE,minNumSelected=1,Lexus,1,1,1,1,1,1,1
s_56,sw03639,sw03639,1,-1,sw03639u,TRUE,minNumSelected=1,LS,1,1,1,1,1,1,1
s_56,sw03639,sw03639,1,-1,sw03639u,TRUE,minNumSelected=1,four,0.2,0,0,0,1,0,1
s_56,sw03639,sw03639,1,-1,sw03639u,TRUE,minNumSelected=1,hundred,0.2,0,0,0,1,0,1
s_57,sw03660,sw03660,1,-1,sw03660u,TRUE,minNumSelected=1,uh,0,0,0,0,0,0,-
s_57,sw03660,sw03660,1,-1,sw03660u,TRUE,minNumSelected=1,i,0,0,0,0,0,0,0
s_57,sw03660,sw03660,1,-1,sw03660u,TRUE,minNumSelected=1,think,0,0,0,0,0,0,0
s_57,sw03660,sw03660,1,-1,sw03660u,TRUE,minNumSelected=1,it's,0,0,0,0,0,0,0
s_57,sw03660,sw03660,1,-1,sw03660u,TRUE,minNumSelected=1,a,0,0,0,0,0,0,-
s_57,sw03660,sw03660,1,-1,sw03660u,TRUE,minNumSelected=1,real,0.2,0,0,0,1,0,1
s_57,sw03660,sw03660,1,-1,sw03660u,TRUE,minNumSelected=1,good,0.8,1,1,1,1,0,1
s_57,sw03660,sw03660,1,-1,sw03660u,TRUE,minNumSelected=1,concept,0.8,1,1,1,0,1,1
s_57,sw03660,sw03660,1,-1,sw03660u,TRUE,minNumSelected=1,uh,0,0,0,0,0,0,-
s_57,sw03660,sw03660,1,-1,sw03660u,TRUE,minNumSelected=1,drug,0.6,1,0,1,0,1,1
s_57,sw03660,sw03660,1,-1,sw03660u,TRUE,minNumSelected=1,testing,0.8,1,1,1,0,1,1
s_57,sw03660,sw03660,1,-1,sw03660u,TRUE,minNumSelected=1,procedures,0.4,0,1,1,0,0,1
s_57,sw03660,sw03660,1,-1,sw03660u,TRUE,minNumSelected=1,would,0,0,0,0,0,0,0
s_57,sw03660,sw03660,1,-1,sw03660u,TRUE,minNumSelected=1,have,0,0,0,0,0,0,0
s_57,sw03660,sw03660,1,-1,sw03660u,TRUE,minNumSelected=1,to,0,0,0,0,0,0,-
s_57,sw03660,sw03660,1,-1,sw03660u,TRUE,minNumSelected=1,be,0.2,1,0,0,0,0,0
s_57,sw03660,sw03660,1,-1,sw03660u,TRUE,minNumSelected=1,refined,0.4,1,0,1,0,0,1
s_58,sw03663,sw03663,1,-1,sw03663u,TRUE,minNumSelected=1,yeah,0.6,1,0,1,1,0,-
s_58,sw03663,sw03663,1,-1,sw03663u,TRUE,minNumSelected=1,right,0,0,0,0,0,0,-
s_58,sw03663,sw03663,1,-1,sw03663u,TRUE,minNumSelected=1,now,0.4,0,1,0,0,1,-
s_58,sw03663,sw03663,1,-1,sw03663u,TRUE,minNumSelected=1,i,0,0,0,0,0,0,-
s_58,sw03663,sw03663,1,-1,sw03663u,TRUE,minNumSelected=1,am,0.2,0,1,0,0,0,-
s_58,sw03663,sw03663,1,-1,sw03663u,TRUE,minNumSelected=1,so,0,0,0,0,0,0,-
s_58,sw03663,sw03663,1,-1,sw03663u,TRUE,minNumSelected=1,that's,0,0,0,0,0,0,0
s_58,sw03663,sw03663,1,-1,sw03663u,TRUE,minNumSelected=1,what,0,0,0,0,0,0,0
s_58,sw03663,sw03663,1,-1,sw03663u,TRUE,minNumSelected=1,brought,0.6,0,1,1,0,1,0
s_58,sw03663,sw03663,1,-1,sw03663u,TRUE,minNumSelected=1,me,0.2,0,0,1,0,0,0
s_58,sw03663,sw03663,1,-1,sw03663u,TRUE,minNumSelected=1,here,0.2,0,1,0,0,0,0
s_59,sw03691,sw03691,1,-1,sw03691u,TRUE,minNumSelected=1,we,0,0,0,0,0,0,0
s_59,sw03691,sw03691,1,-1,sw03691u,TRUE,minNumSelected=1,have,0,0,0,0,0,0,0
s_59,sw03691,sw03691,1,-1,sw03691u,TRUE,minNumSelected=1,a,0,0,0,0,0,0,-
s_59,sw03691,sw03691,1,-1,sw03691u,TRUE,minNumSelected=1,three,0.2,0,0,0,1,0,1
s_59,sw03691,sw03691,1,-1,sw03691u,TRUE,minNumSelected=1,dogs,1,1,1,1,1,1,1
s_59,sw03691,sw03691,1,-1,sw03691u,TRUE,minNumSelected=1,and,0,0,0,0,0,0,-
s_59,sw03691,sw03691,1,-1,sw03691u,TRUE,minNumSelected=1,two,0.2,0,0,0,1,0,1
s_59,sw03691,sw03691,1,-1,sw03691u,TRUE,minNumSelected=1,birds,1,1,1,1,1,1,1
s_59,sw03691,sw03691,1,-1,sw03691u,TRUE,minNumSelected=1,at,0,0,0,0,0,0,-
s_59,sw03691,sw03691,1,-1,sw03691u,TRUE,minNumSelected=1,this,0,0,0,0,0,0,0
s_59,sw03691,sw03691,1,-1,sw03691u,TRUE,minNumSelected=1,point,0,0,0,0,0,0,0
s_59,sw03691,sw03691,1,-1,sw03691u,TRUE,minNumSelected=1,parakeets,0.6,0,1,1,1,0,-
s_60,sw03756,sw03756,1,-1,sw03756u,TRUE,minNumSelected=1,well,0,0,0,0,0,0,-
s_60,sw03756,sw03756,1,-1,sw03756u,TRUE,minNumSelected=1,yeah,0.6,1,1,0,1,0,-
s_60,sw03756,sw03756,1,-1,sw03756u,TRUE,minNumSelected=1,i,0,0,0,0,0,0,0
s_60,sw03756,sw03756,1,-1,sw03756u,TRUE,minNumSelected=1,think,0,0,0,0,0,0,0
s_60,sw03756,sw03756,1,-1,sw03756u,TRUE,minNumSelected=1,i'm,0,0,0,0,0,0,0
s_60,sw03756,sw03756,1,-1,sw03756u,TRUE,minNumSelected=1,going,0,0,0,0,0,0,0
s_60,sw03756,sw03756,1,-1,sw03756u,TRUE,minNumSelected=1,to,0,0,0,0,0,0,-
s_60,sw03756,sw03756,1,-1,sw03756u,TRUE,minNumSelected=1,do,0.2,0,1,0,0,0,0
s_60,sw03756,sw03756,1,-1,sw03756u,TRUE,minNumSelected=1,it,0,0,0,0,0,0,0
s_60,sw03756,sw03756,1,-1,sw03756u,TRUE,minNumSelected=1,this,0.4,1,0,0,1,0,1
s_60,sw03756,sw03756,1,-1,sw03756u,TRUE,minNumSelected=1,spring,1,1,1,1,1,1,1
s_60,sw03756,sw03756,1,-1,sw03756u,TRUE,minNumSelected=1,actually,0,0,0,0,0,0,0
s_61,sw03876,sw03876,1,-1,sw03876u,TRUE,minNumSelected=1,yeah,0.8,1,1,1,1,0,-
s_61,sw03876,sw03876,1,-1,sw03876u,TRUE,minNumSelected=1,i've,0,0,0,0,0,0,0
s_61,sw03876,sw03876,1,-1,sw03876u,TRUE,minNumSelected=1,heard,0.4,0,1,0,0,1,0
s_61,sw03876,sw03876,1,-1,sw03876u,TRUE,minNumSelected=1,that,0,0,0,0,0,0,0
s_61,sw03876,sw03876,1,-1,sw03876u,TRUE,minNumSelected=1,too,0.2,0,0,1,0,0,0
s_62,sw04023,sw04023,1,-1,sw04023u,TRUE,minNumSelected=1,uh,0,0,0,0,0,0,-
s_62,sw04023,sw04023,1,-1,sw04023u,TRUE,minNumSelected=1,no,0.4,1,0,0,1,0,-
s_62,sw04023,sw04023,1,-1,sw04023u,TRUE,minNumSelected=1,the,0,0,0,0,0,0,-
s_62,sw04023,sw04023,1,-1,sw04023u,TRUE,minNumSelected=1,only,0.2,0,1,0,0,0,0
s_62,sw04023,sw04023,1,-1,sw04023u,TRUE,minNumSelected=1,thing,0.2,0,1,0,0,0,0
s_62,sw04023,sw04023,1,-1,sw04023u,TRUE,minNumSelected=1,i've,0,0,0,0,0,0,0
s_62,sw04023,sw04023,1,-1,sw04023u,TRUE,minNumSelected=1,ever,0,0,0,0,0,0,0
s_62,sw04023,sw04023,1,-1,sw04023u,TRUE,minNumSelected=1,had,0,0,0,0,0,0,0
s_62,sw04023,sw04023,1,-1,sw04023u,TRUE,minNumSelected=1,is,0,0,0,0,0,0,0
s_62,sw04023,sw04023,1,-1,sw04023u,TRUE,minNumSelected=1,i've,0,0,0,0,0,0,0
s_62,sw04023,sw04023,1,-1,sw04023u,TRUE,minNumSelected=1,had,0,0,0,0,0,0,-
s_62,sw04023,sw04023,1,-1,sw04023u,TRUE,minNumSelected=1,my,0.2,1,0,0,0,0,-
s_62,sw04023,sw04023,1,-1,sw04023u,TRUE,minNumSelected=1,wallet,1,1,1,1,1,1,-
s_62,sw04023,sw04023,1,-1,sw04023u,TRUE,minNumSelected=1,lifted,0.8,0,1,1,1,1,-
s_63,sw04077,sw04077,1,-1,sw04077u,TRUE,minNumSelected=1,yeah,0.8,1,0,1,1,1,-
s_63,sw04077,sw04077,1,-1,sw04077u,TRUE,minNumSelected=1,the,0,0,0,0,0,0,0
s_63,sw04077,sw04077,1,-1,sw04077u,TRUE,minNumSelected=1,did,0,0,0,0,0,0,0
s_63,sw04077,sw04077,1,-1,sw04077u,TRUE,minNumSelected=1,it,0,0,0,0,0,0,0
s_63,sw04077,sw04077,1,-1,sw04077u,TRUE,minNumSelected=1,happen,0.4,0,1,0,1,0,0
s_63,sw04077,sw04077,1,-1,sw04077u,TRUE,minNumSelected=1,at,0,0,0,0,0,0,-
s_63,sw04077,sw04077,1,-1,sw04077u,TRUE,minNumSelected=1,a,0,0,0,0,0,0,-
s_63,sw04077,sw04077,1,-1,sw04077u,TRUE,minNumSelected=1,cafeteria,0.8,0,1,1,1,1,1
s_63,sw04077,sw04077,1,-1,sw04077u,TRUE,minNumSelected=1,or,0,0,0,0,0,0,-
s_63,sw04077,sw04077,1,-1,sw04077u,TRUE,minNumSelected=1,something,0.2,0,1,0,0,0,0
s_64,sw04101,sw04101,1,-1,sw04101u,TRUE,minNumSelected=1,they,0.4,0,0,1,1,0,0
s_64,sw04101,sw04101,1,-1,sw04101u,TRUE,minNumSelected=1,have,0.4,1,0,0,1,0,0
s_64,sw04101,sw04101,1,-1,sw04101u,TRUE,minNumSelected=1,done,0.8,1,1,1,0,1,1
s_64,sw04101,sw04101,1,-1,sw04101u,TRUE,minNumSelected=1,it,0,0,0,0,0,0,0
s_64,sw04101,sw04101,1,-1,sw04101u,TRUE,minNumSelected=1,some,0.2,0,1,0,0,0,-
s_65,sw04149,sw04149,1,-1,sw04149u,TRUE,minNumSelected=1,well,0,0,0,0,0,0,-
s_65,sw04149,sw04149,1,-1,sw04149u,TRUE,minNumSelected=1,actually,0.2,0,1,0,0,0,0
s_65,sw04149,sw04149,1,-1,sw04149u,TRUE,minNumSelected=1,i,0,0,0,0,0,0,0
s_65,sw04149,sw04149,1,-1,sw04149u,TRUE,minNumSelected=1,have,0,0,0,0,0,0,0
s_65,sw04149,sw04149,1,-1,sw04149u,TRUE,minNumSelected=1,four,1,1,1,1,1,1,1
s_65,sw04149,sw04149,1,-1,sw04149u,TRUE,minNumSelected=1,kids,0.8,1,0,1,1,1,0
s_66,sw04327,sw04327,1,-1,sw04327u,TRUE,minNumSelected=1,that,0.2,0,0,0,1,0,0
s_66,sw04327,sw04327,1,-1,sw04327u,TRUE,minNumSelected=1,may,0.4,0,1,0,1,0,0
s_66,sw04327,sw04327,1,-1,sw04327u,TRUE,minNumSelected=1,very,0.4,1,0,0,0,1,0
s_66,sw04327,sw04327,1,-1,sw04327u,TRUE,minNumSelected=1,well,0.6,1,0,1,0,1,0
s_66,sw04327,sw04327,1,-1,sw04327u,TRUE,minNumSelected=1,be,0.8,1,1,1,1,0,1
s_67,sw04370,sw04370,1,-1,sw04370u,TRUE,minNumSelected=1,well,0,0,0,0,0,0,-
s_67,sw04370,sw04370,1,-1,sw04370u,TRUE,minNumSelected=1,i,0,0,0,0,0,0,0
s_67,sw04370,sw04370,1,-1,sw04370u,TRUE,minNumSelected=1,suppose,0.4,0,1,0,0,1,0
s_67,sw04370,sw04370,1,-1,sw04370u,TRUE,minNumSelected=1,you,0.2,0,0,0,1,0,0
s_67,sw04370,sw04370,1,-1,sw04370u,TRUE,minNumSelected=1,may,0.4,1,0,0,1,0,0
s_67,sw04370,sw04370,1,-1,sw04370u,TRUE,minNumSelected=1,be,0.4,1,0,0,1,0,0
s_67,sw04370,sw04370,1,-1,sw04370u,TRUE,minNumSelected=1,right,1,1,1,1,1,1,0
s_67,sw04370,sw04370,1,-1,sw04370u,TRUE,minNumSelected=1,on,0,0,0,0,0,0,-
s_67,sw04370,sw04370,1,-1,sw04370u,TRUE,minNumSelected=1,that,0,0,0,0,0,0,0
s_68,sw04372,sw04372,1,-1,sw04372u,TRUE,minNumSelected=1,well,0,0,0,0,0,0,-
s_68,sw04372,sw04372,1,-1,sw04372u,TRUE,minNumSelected=1,actually,0,0,0,0,0,0,-
s_68,sw04372,sw04372,1,-1,sw04372u,TRUE,minNumSelected=1,i,0.2,0,0,0,1,0,0
s_68,sw04372,sw04372,1,-1,sw04372u,TRUE,minNumSelected=1,don't,1,1,1,1,1,1,1
s_68,sw04372,sw04372,1,-1,sw04372u,TRUE,minNumSelected=1,think,0.6,1,1,0,1,0,0
s_68,sw04372,sw04372,1,-1,sw04372u,TRUE,minNumSelected=1,they're,0,0,0,0,0,0,0
s_68,sw04372,sw04372,1,-1,sw04372u,TRUE,minNumSelected=1,out,0.8,1,1,1,1,0,-
s_68,sw04372,sw04372,1,-1,sw04372u,TRUE,minNumSelected=1,of,0.6,1,1,0,1,0,-
s_68,sw04372,sw04372,1,-1,sw04372u,TRUE,minNumSelected=1,line,1,1,1,1,1,1,0
s_69,sw04642,sw04642,1,-1,sw04642u,TRUE,minNumSelected=1,i,0,0,0,0,0,0,0
s_69,sw04642,sw04642,1,-1,sw04642u,TRUE,minNumSelected=1,have,0,0,0,0,0,0,0
s_69,sw04642,sw04642,1,-1,sw04642u,TRUE,minNumSelected=1,a,0,0,0,0,0,0,-
s_69,sw04642,sw04642,1,-1,sw04642u,TRUE,minNumSelected=1,Pontiac,1,1,1,1,1,1,1
s_69,sw04642,sw04642,1,-1,sw04642u,TRUE,minNumSelected=1,six,0.4,0,1,0,1,0,1
s_69,sw04642,sw04642,1,-1,sw04642u,TRUE,minNumSelected=1,thousand,0.4,0,1,0,1,0,1
s_70,sw04801,sw04801,1,-1,sw04801u,TRUE,minNumSelected=1,well,0,0,0,0,0,0,-
s_70,sw04801,sw04801,1,-1,sw04801u,TRUE,minNumSelected=1,i'm,0,0,0,0,0,0,0
s_70,sw04801,sw04801,1,-1,sw04801u,TRUE,minNumSelected=1,kind,0,0,0,0,0,0,0
s_70,sw04801,sw04801,1,-1,sw04801u,TRUE,minNumSelected=1,of,0,0,0,0,0,0,0
s_70,sw04801,sw04801,1,-1,sw04801u,TRUE,minNumSelected=1,in,0.4,1,0,0,1,0,-
s_70,sw04801,sw04801,1,-1,sw04801u,TRUE,minNumSelected=1,favor,1,1,1,1,1,1,1
s_70,sw04801,sw04801,1,-1,sw04801u,TRUE,minNumSelected=1,of,0,0,0,0,0,0,-
s_70,sw04801,sw04801,1,-1,sw04801u,TRUE,minNumSelected=1,it,0,0,0,0,0,0,0
s_70,sw04801,sw04801,1,-1,sw04801u,TRUE,minNumSelected=1,for,0.2,1,0,0,0,0,-
s_70,sw04801,sw04801,1,-1,sw04801u,TRUE,minNumSelected=1,certain,0.8,1,1,1,1,0,0
s_70,sw04801,sw04801,1,-1,sw04801u,TRUE,minNumSelected=1,crimes,1,1,1,1,1,1,0
s_71,sw04830,sw04830,1,-1,sw04830u,TRUE,minNumSelected=1,no,0,0,0,0,0,0,-
s_71,sw04830,sw04830,1,-1,sw04830u,TRUE,minNumSelected=1,that's,0.4,1,0,0,1,0,-
s_71,sw04830,sw04830,1,-1,sw04830u,TRUE,minNumSelected=1,right,0.6,1,0,1,1,0,-
s_71,sw04830,sw04830,1,-1,sw04830u,TRUE,minNumSelected=1,i,0,0,0,0,0,0,1
s_71,sw04830,sw04830,1,-1,sw04830u,TRUE,minNumSelected=1,work,0.6,0,1,1,1,0,0
s_71,sw04830,sw04830,1,-1,sw04830u,TRUE,minNumSelected=1,for,0,0,0,0,0,0,-
s_71,sw04830,sw04830,1,-1,sw04830u,TRUE,minNumSelected=1,a,0,0,0,0,0,0,-
s_71,sw04830,sw04830,1,-1,sw04830u,TRUE,minNumSelected=1,law,0.8,0,1,1,1,1,1
s_71,sw04830,sw04830,1,-1,sw04830u,TRUE,minNumSelected=1,firm,0.8,0,1,1,1,1,1
s_72,sw04834,sw04834,1,-1,sw04834u,TRUE,minNumSelected=1,uh,0,0,0,0,0,0,-
s_72,sw04834,sw04834,1,-1,sw04834u,TRUE,minNumSelected=1,nah,0.4,1,0,0,1,0,-
s_72,sw04834,sw04834,1,-1,sw04834u,TRUE,minNumSelected=1,i,0,0,0,0,0,0,0
s_72,sw04834,sw04834,1,-1,sw04834u,TRUE,minNumSelected=1,wouldn't,0,0,0,0,0,0,0
s_72,sw04834,sw04834,1,-1,sw04834u,TRUE,minNumSelected=1,call,0,0,0,0,0,0,0
s_72,sw04834,sw04834,1,-1,sw04834u,TRUE,minNumSelected=1,it,0,0,0,0,0,0,0
s_72,sw04834,sw04834,1,-1,sw04834u,TRUE,minNumSelected=1,invading,0.4,0,1,1,0,0,1
s_72,sw04834,sw04834,1,-1,sw04834u,TRUE,minNumSelected=1,my,0,0,0,0,0,0,1
s_72,sw04834,sw04834,1,-1,sw04834u,TRUE,minNumSelected=1,privacy,0.6,0,1,1,0,1,1
s_72,sw04834,sw04834,1,-1,sw04834u,TRUE,minNumSelected=1,by,0,0,0,0,0,0,-
s_72,sw04834,sw04834,1,-1,sw04834u,TRUE,minNumSelected=1,any,0,0,0,0,0,0,-
s_72,sw04834,sw04834,1,-1,sw04834u,TRUE,minNumSelected=1,means,0,0,0,0,0,0,0